ID,HousePrice,yhat,delta
7857,919497.0,673545.44,245951.5625
1641,283680.0,276462.9,7217.09375
3620,135818.0,155766.25,-19948.25
2820,468742.0,394272.75,74469.25
1572,311065.0,434640.84,-123575.84375
202,228740.0,200321.19,28418.8125
8169,260611.0,288818.9,-28207.90625
6212,199843.0,211652.62,-11809.625
6754,273619.0,267008.53,6610.46875
5197,334528.0,333443.34,1084.65625
5170,371797.0,422604.97,-50807.96875
3987,129547.0,130160.72,-613.71875
8088,241878.0,184551.94,57326.0625
1181,544164.0,489655.53,54508.46875
5703,233936.0,240920.72,-6984.71875
7979,340244.0,295570.7,44673.3125
2546,673459.0,679007.9,-5548.875
5831,219892.0,249880.55,-29988.546875
2288,136479.0,167052.89,-30573.890625
7372,284417.0,271555.97,12861.03125
8553,401696.0,310456.9,91239.09375
605,400036.0,493251.8,-93215.8125
7343,502384.0,458789.22,43594.78125
6956,432570.0,471394.97,-38824.96875
6787,271336.0,206584.92,64751.078125
8790,259581.0,289219.2,-29638.1875
8875,368614.0,395266.6,-26652.59375
5222,449834.0,456757.94,-6923.9375
6583,268084.0,248130.11,19953.890625
4457,326357.0,409070.56,-82713.5625
3798,513051.0,511895.1,1155.90625
8692,484256.0,643088.2,-158832.1875
9185,391848.0,475113.4,-83265.40625
9170,289229.0,288275.5,953.5
6922,396836.0,588080.56,-191244.5625
1816,299874.0,313822.06,-13948.0625
889,453808.0,377340.53,76467.46875
2315,197244.0,196826.75,417.25
3837,348815.0,322416.72,26398.28125
8611,573658.0,582018.75,-8360.75
5917,269948.0,231199.14,38748.859375
6719,133645.0,122903.84,10741.15625
5994,367737.0,457134.9,-89397.90625
9266,252230.0,225233.66,26996.34375
4038,104509.0,110083.695,-5574.6953125
2556,559989.0,445230.4,114758.59375
3330,300314.0,326485.84,-26171.84375
9027,112586.0,103241.61,9344.390625
486,225432.0,248124.69,-22692.6875
5064,421310.0,451550.62,-30240.625
3314,357001.0,319250.8,37750.1875
3744,204498.0,203955.81,542.1875
5128,346301.0,370843.4,-24542.40625
8075,467567.0,501881.56,-34314.5625
1626,722563.0,535105.3,187457.6875
5519,547190.0,661470.8,-114280.8125
5771,309847.0,304879.62,4967.375
1845,361572.0,296424.25,65147.75
3905,173822.0,161692.08,12129.921875
3335,315375.0,299356.75,16018.25
1027,153949.0,156045.73,-2096.734375
8618,225252.0,172722.78,52529.21875
7935,121715.0,129483.22,-7768.21875
4478,543538.0,566831.25,-23293.25
2515,338222.0,391921.22,-53699.21875
3447,159984.0,214459.77,-54475.765625
3961,260012.0,305346.5,-45334.5
268,92160.0,101244.96,-9084.9609375
2075,244701.0,335662.66,-90961.65625
5778,397709.0,329007.1,68701.90625
4947,246083.0,310995.78,-64912.78125
2216,308541.0,397368.1,-88827.09375
8493,483930.0,476493.72,7436.28125
4607,390569.0,347182.2,43386.8125
2396,136502.0,166135.9,-29633.90625
7620,303201.0,264147.6,39053.40625
4459,443205.0,510932.28,-67727.28125
8289,91960.0,101540.26,-9580.2578125
163,354225.0,307287.38,46937.625
8805,358049.0,316440.44,41608.5625
552,237726.0,232728.27,4997.734375
4382,278715.0,244753.64,33961.359375
7172,380327.0,389995.5,-9668.5
9230,268497.0,242686.12,25810.875
2488,175443.0,178098.2,-2655.203125
3146,234366.0,235826.16,-1460.15625
7483,131104.0,151646.95,-20542.953125
5621,70388.0,304536.6,-234148.59375
9061,136715.0,142391.28,-5676.28125
4088,300611.0,258361.27,42249.734375
6314,84167.0,90836.664,-6669.6640625
6731,235395.0,212664.12,22730.875
5398,102631.0,94863.836,7767.1640625
5919,283927.0,295439.38,-11512.375
2968,218429.0,242818.72,-24389.71875
8672,227943.0,213729.4,14213.59375
7664,234858.0,253001.19,-18143.1875
6624,304836.0,259708.39,45127.609375
4709,201634.0,242930.42,-41296.421875
677,362552.0,373069.5,-10517.5
7094,535201.0,480985.88,54215.125
7284,320779.0,329471.38,-8692.375
6367,199533.0,206195.84,-6662.84375
1828,159227.0,168654.8,-9427.796875
1058,560275.0,663970.25,-103695.25
3365,277449.0,328557.84,-51108.84375
7245,462874.0,517006.28,-54132.28125
2788,527478.0,512207.9,15270.09375
7362,200722.0,225158.78,-24436.78125
7244,143531.0,164998.19,-21467.1875
3596,137796.0,112909.17,24886.828125
3633,174855.0,210973.84,-36118.84375
1139,379752.0,315500.4,64251.59375
9226,265919.0,274304.2,-8385.1875
1449,324651.0,293944.72,30706.28125
8239,372556.0,419191.78,-46635.78125
7398,485423.0,401904.4,83518.59375
6009,469064.0,370509.6,98554.40625
6862,147590.0,154970.97,-7380.96875
8022,591995.0,561279.8,30715.1875
5340,202187.0,243151.16,-40964.15625
4740,101356.0,80199.14,21156.859375
4124,421334.0,354418.94,66915.0625
8689,375529.0,399315.34,-23786.34375
7436,485696.0,451628.56,34067.4375
148,349625.0,340840.72,8784.28125
1337,394795.0,446585.12,-51790.125
248,168700.0,275723.88,-107023.875
6511,241135.0,296888.0,-55753.0
7954,278652.0,362388.72,-83736.71875
8966,275214.0,349292.56,-74078.5625
7103,148164.0,153632.66,-5468.65625
5965,146498.0,173392.06,-26894.0625
7594,389110.0,394895.34,-5785.34375
4630,316268.0,259575.81,56692.1875
6647,376661.0,400539.8,-23878.8125
8950,581957.0,677644.1,-95687.125
1972,440137.0,480066.62,-39929.625
4544,659242.0,671532.1,-12290.125
4649,495329.0,434828.28,60500.71875
7831,244309.0,269744.34,-25435.34375
1300,328926.0,309404.3,19521.6875
4669,223949.0,214651.11,9297.890625
1109,315621.0,334704.75,-19083.75
3159,533715.0,452158.4,81556.59375
4879,410501.0,355191.53,55309.46875
6116,200271.0,253535.16,-53264.15625
4057,199761.0,277196.44,-77435.4375
1119,316771.0,261838.89,54932.109375
5062,566477.0,549598.4,16878.625
7173,702603.0,651500.1,51102.875
1663,392937.0,435288.72,-42351.71875
7128,292612.0,382097.7,-89485.6875
7797,306118.0,339231.44,-33113.4375
5290,178950.0,135394.83,43555.171875
2046,356896.0,371472.8,-14576.8125
7851,340545.0,356776.7,-16231.6875
6291,165087.0,186807.8,-21720.796875
2677,295578.0,470106.38,-174528.375
7444,271625.0,261361.03,10263.96875
7274,338312.0,379229.7,-40917.6875
5525,641302.0,636463.1,4838.875
2992,235445.0,231053.86,4391.140625
8999,635998.0,563414.9,72583.125
1564,430694.0,494215.1,-63521.09375
6816,387211.0,431604.9,-44393.90625
8287,354995.0,358586.06,-3591.0625
8473,498522.0,411810.78,86711.21875
7497,242685.0,188621.19,54063.8125
7491,320397.0,274931.06,45465.9375
3196,499879.0,407567.88,92311.125
5608,406113.0,418953.0,-12840.0
8263,174763.0,183680.48,-8917.484375
3203,254224.0,208171.53,46052.46875
3032,260426.0,279176.75,-18750.75
1827,424742.0,569808.2,-145066.1875
4536,393828.0,394401.44,-573.4375
4643,221455.0,309504.7,-88049.6875
7601,289523.0,276023.12,13499.875
8011,435406.0,413756.34,21649.65625
2,277232.0,273448.75,3783.25
8101,141618.0,173412.39,-31794.390625
7446,396053.0,462477.28,-66424.28125
9168,365412.0,310470.62,54941.375
8816,479899.0,459388.56,20510.4375
8422,384977.0,532189.7,-147212.6875
4729,120479.0,118515.65,1963.3515625
2879,214066.0,226733.52,-12667.515625
2308,592384.0,566478.75,25905.25
9014,310368.0,284143.0,26225.0
4414,292450.0,295530.56,-3080.5625
3284,343528.0,377929.47,-34401.46875
6669,243620.0,247418.42,-3798.421875
1065,201888.0,141943.81,59944.1875
4926,554031.0,610284.8,-56253.8125
9030,290852.0,263340.56,27511.4375
7561,169913.0,193746.98,-23833.984375
2366,426717.0,431424.06,-4707.0625
7801,243457.0,248569.94,-5112.9375
4645,313689.0,293854.88,19834.125
581,390907.0,440887.12,-49980.125
2942,566948.0,505225.44,61722.5625
4806,199850.0,188321.27,11528.734375
1524,603101.0,498773.75,104327.25
511,216835.0,209274.89,7560.109375
690,346538.0,305059.6,41478.40625
6029,291632.0,290832.88,799.125
6239,348156.0,320899.12,27256.875
3759,554177.0,514083.1,40093.90625
7527,675269.0,602185.94,73083.0625
6724,115366.0,108475.34,6890.65625
4676,184882.0,215484.73,-30602.734375
7830,730476.0,587617.75,142858.25
4372,82173.0,198222.6,-116049.59375
2856,416310.0,368893.2,47416.8125
3968,83898.0,109425.83,-25527.828125
6512,198793.0,223676.67,-24883.671875
7925,359882.0,342341.22,17540.78125
193,709843.0,600606.94,109236.0625
8031,191020.0,209180.55,-18160.546875
8619,382224.0,314829.88,67394.125
7982,291794.0,367504.16,-75710.15625
9037,381345.0,417766.97,-36421.96875
82,144263.0,135429.25,8833.75
5224,220182.0,184524.17,35657.828125
6541,229875.0,247518.95,-17643.953125
4355,622852.0,612837.6,10014.375
7764,157118.0,68824.42,88293.578125
1271,75638.0,93083.23,-17445.2265625
9194,220033.0,279980.4,-59947.40625
9153,246076.0,258673.08,-12597.078125
6,324167.0,371729.56,-47562.5625
3839,184858.0,161229.56,23628.4375
1669,118410.0,93083.23,25326.7734375
9296,165100.0,132778.67,32321.328125
8459,854125.0,619140.2,234984.8125
692,417576.0,404997.0,12579.0
3263,510484.0,343039.78,167444.21875
579,367187.0,372874.12,-5687.125
1599,249900.0,286161.06,-36261.0625
4276,184823.0,205625.11,-20802.109375
8487,350133.0,403806.44,-53673.4375
5073,415997.0,456200.16,-40203.15625
3397,361774.0,364267.1,-2493.09375
7331,326106.0,324700.0,1406.0
362,310530.0,428429.66,-117899.65625
1720,425828.0,451843.34,-26015.34375
1523,441530.0,324266.44,117263.5625
6136,307363.0,300484.5,6878.5
1401,180373.0,201422.36,-21049.359375
1489,253935.0,247406.23,6528.765625
1032,366016.0,370370.3,-4354.3125
6139,587722.0,476127.1,111594.90625
7604,283546.0,301459.94,-17913.9375
3694,227639.0,186331.69,41307.3125
1621,166588.0,224995.9,-58407.90625
1600,352844.0,302557.97,50286.03125
3673,186486.0,228359.27,-41873.265625
5300,530722.0,496301.62,34420.375
7256,528076.0,501778.78,26297.21875
9133,53714.0,123958.59,-70244.59375
226,331160.0,310719.78,20440.21875
7941,235734.0,234945.02,788.984375
5045,406033.0,350330.56,55702.4375
5445,276949.0,270566.6,6382.40625
2098,241736.0,241156.19,579.8125
7886,175213.0,190170.84,-14957.84375
5087,445506.0,552969.75,-107463.75
7584,356585.0,377189.16,-20604.15625
5948,185960.0,284840.25,-98880.25
3609,420575.0,406096.8,14478.1875
3842,497126.0,480568.66,16557.34375
7317,358459.0,311466.5,46992.5
8602,370779.0,318720.28,52058.71875
754,240901.0,227798.39,13102.609375
1664,302303.0,308611.2,-6308.1875
669,265448.0,264047.38,1400.625
7136,400493.0,435953.62,-35460.625
8194,406954.0,436510.16,-29556.15625
987,300199.0,338997.47,-38798.46875
8779,260062.0,264629.9,-4567.90625
1487,337848.0,285001.0,52847.0
1342,505372.0,498338.38,7033.625
6100,580351.0,574830.8,5520.1875
3246,257541.0,276593.88,-19052.875
1757,796568.0,648504.3,148063.6875
1356,243496.0,283421.84,-39925.84375
8809,375298.0,297972.38,77325.625
7588,113878.0,132018.12,-18140.125
4027,316804.0,344143.6,-27339.59375
2268,280805.0,430645.22,-149840.21875
3637,486774.0,428481.4,58292.59375
5470,250196.0,239034.31,11161.6875
1797,392862.0,358709.78,34152.21875
4856,518244.0,501376.44,16867.5625
6362,539034.0,489419.38,49614.625
7191,404804.0,400809.2,3994.8125
1179,186489.0,219238.14,-32749.140625
941,156491.0,230639.45,-74148.453125
5148,216366.0,232026.2,-15660.203125
6175,329702.0,358043.6,-28341.59375
5641,178184.0,181623.97,-3439.96875
8605,406981.0,339687.06,67293.9375
7907,65825.0,101455.73,-35630.7265625
3939,178447.0,175902.48,2544.515625
5713,530777.0,519498.4,11278.59375
6514,262408.0,258230.27,4177.734375
8261,417515.0,509266.75,-91751.75
5577,588046.0,537687.8,50358.1875
5562,422688.0,375904.44,46783.5625
396,245521.0,176609.45,68911.546875
8005,210860.0,209717.19,1142.8125
6779,518549.0,492826.97,25722.03125
9154,79257.0,93540.695,-14283.6953125
5288,195783.0,237930.4,-42147.40625
5465,550569.0,516489.66,34079.34375
8281,182330.0,169853.0,12477.0
6263,328061.0,335655.84,-7594.84375
4093,371540.0,492047.72,-120507.71875
7672,289937.0,333318.56,-43381.5625
8131,253290.0,250764.1,2525.90625
5741,152902.0,125908.88,26993.1171875
3915,396319.0,393365.9,2953.09375
8914,353146.0,361625.3,-8479.3125
8725,392785.0,400338.34,-7553.34375
7998,254412.0,224777.31,29634.6875
5367,334118.0,256862.52,77255.484375
3338,205986.0,208119.67,-2133.671875
4504,350007.0,292332.66,57674.34375
6640,362333.0,313830.94,48502.0625
7521,223276.0,211389.55,11886.453125
3708,348760.0,350645.4,-1885.40625
6931,100301.0,119166.914,-18865.9140625
1514,554205.0,469991.6,84213.40625
8324,392126.0,422222.34,-30096.34375
7791,276073.0,322749.0,-46676.0
3954,534431.0,519118.62,15312.375
716,274055.0,291363.7,-17308.6875
7305,213580.0,211899.14,1680.859375
8419,284317.0,313392.88,-29075.875
341,314483.0,315926.22,-1443.21875
1527,287881.0,259285.77,28595.234375
8730,344276.0,355358.62,-11082.625
8255,196051.0,197128.36,-1077.359375
3783,151477.0,129753.76,21723.2421875
1151,416685.0,464040.22,-47355.21875
8198,131559.0,169808.38,-38249.375
4722,519999.0,491240.44,28758.5625
643,202552.0,280099.6,-77547.59375
7565,108289.0,97485.83,10803.171875
8132,197771.0,243215.34,-45444.34375
855,329077.0,316281.28,12795.71875
729,167895.0,169987.2,-2092.203125
2969,737500.0,774976.2,-37476.1875
2632,521113.0,512193.1,8919.90625
1802,342322.0,316781.97,25540.03125
7033,195465.0,191196.19,4268.8125
9351,420246.0,342320.4,77925.59375
6997,597479.0,488922.97,108556.03125
1460,399315.0,318037.97,81277.03125
5782,435183.0,423476.38,11706.625
4253,328942.0,344040.6,-15098.59375
4768,284079.0,471072.1,-186993.09375
3660,333731.0,377378.34,-43647.34375
8429,414619.0,417089.03,-2470.03125
2907,449066.0,610831.75,-161765.75
135,579961.0,571281.06,8679.9375
2451,360023.0,334838.44,25184.5625
212,285541.0,282745.34,2795.65625
7724,217449.0,255857.48,-38408.484375
4110,260346.0,298924.72,-38578.71875
5377,501319.0,423693.72,77625.28125
2502,277450.0,284488.4,-7038.40625
4239,637080.0,566927.94,70152.0625
5078,327839.0,292442.25,35396.75
387,228911.0,189879.39,39031.609375
498,328353.0,335465.88,-7112.875
6452,374930.0,373948.25,981.75
3300,170474.0,186776.4,-16302.40625
8594,108544.0,84568.734,23975.265625
554,538548.0,430494.06,108053.9375
5913,325469.0,366309.34,-40840.34375
6170,100164.0,118794.53,-18630.53125
6208,320416.0,354148.78,-33732.78125
5171,238980.0,219332.83,19647.171875
5750,555869.0,477630.8,78238.1875
6195,328002.0,316308.12,11693.875
4231,131042.0,136574.69,-5532.6875
7860,217275.0,223558.73,-6283.734375
8710,269621.0,314824.2,-45203.1875
2102,298848.0,273178.94,25669.0625
8322,649672.0,546103.5,103568.5
6968,323426.0,350893.62,-27467.625
5898,226260.0,210780.81,15479.1875
2659,397840.0,367888.7,29951.3125
2055,113768.0,295986.62,-182218.625
5930,309801.0,300832.1,8968.90625
7107,160851.0,154120.31,6730.6875
7843,350658.0,341829.25,8828.75
1351,256856.0,272720.25,-15864.25
1889,392019.0,440263.12,-48244.125
7581,167684.0,217804.97,-50120.96875
4939,161089.0,203776.17,-42687.171875
623,391210.0,411105.94,-19895.9375
8789,285418.0,234595.42,50822.578125
8349,214564.0,204388.83,10175.171875
7647,531916.0,525581.75,6334.25
1277,166416.0,133546.78,32869.21875
7544,246801.0,275526.44,-28725.4375
4909,303159.0,299797.7,3361.3125
679,431434.0,398291.66,33142.34375
3736,91215.0,209648.84,-118433.84375
3476,366329.0,298833.6,67495.40625
518,371193.0,343832.84,27360.15625
5806,538931.0,490351.97,48579.03125
7168,187953.0,198171.19,-10218.1875
6471,156334.0,158018.64,-1684.640625
3896,352739.0,356917.47,-4178.46875
1,547714.0,551622.0,-3908.0
5880,291789.0,282841.94,8947.0625
1165,143500.0,215663.44,-72163.4375
3688,574621.0,619604.3,-44983.3125
803,363724.0,340456.62,23267.375
4284,152403.0,180875.47,-28472.46875
3130,173003.0,235298.25,-62295.25
8298,224509.0,241358.31,-16849.3125
583,224102.0,272508.88,-48406.875
71,491488.0,439675.7,51812.3125
1697,329422.0,343671.88,-14249.875
8801,226648.0,248351.22,-21703.21875
278,354612.0,283800.56,70811.4375
7655,522689.0,511459.8,11229.1875
346,199113.0,215594.14,-16481.140625
5116,295637.0,333418.66,-37781.65625
5457,156774.0,161013.16,-4239.15625
1111,286891.0,380746.06,-93855.0625
5622,154093.0,181301.53,-27208.53125
104,138956.0,96281.37,42674.6328125
7698,301127.0,402031.6,-100904.59375
6210,275910.0,244355.94,31554.0625
1303,477286.0,450412.25,26873.75
5697,543176.0,504624.4,38551.59375
1366,483578.0,401240.97,82337.03125
5696,616686.0,594074.7,22611.3125
407,239788.0,237917.0,1871.0
6373,78345.0,97086.35,-18741.3515625
3676,341641.0,309868.53,31772.46875
7765,468097.0,439752.12,28344.875
8856,309249.0,307257.12,1991.875
2857,418356.0,376562.72,41793.28125
3282,386107.0,541911.5,-155804.5
8441,390562.0,344390.94,46171.0625
7007,334479.0,315538.22,18940.78125
5298,172858.0,177658.84,-4800.84375
7072,272000.0,348250.12,-76250.125
3096,391488.0,353546.75,37941.25
5598,161913.0,143493.7,18419.296875
1788,495784.0,404023.28,91760.71875
2485,232722.0,287043.1,-54321.09375
4590,534975.0,442786.16,92188.84375
949,446985.0,361236.94,85748.0625
2134,255222.0,255754.02,-532.015625
8706,148730.0,187398.12,-38668.125
7745,779760.0,567248.94,212511.0625
3970,203095.0,176122.9,26972.09375
7645,408431.0,406042.8,2388.1875
5591,195756.0,218517.53,-22761.53125
781,410016.0,442152.16,-32136.15625
7714,149275.0,91627.14,57647.859375
4805,257224.0,318436.62,-61212.625
8762,498272.0,464306.0,33966.0
1132,416767.0,448292.47,-31525.46875
3252,563583.0,425933.28,137649.71875
5588,343488.0,315786.34,27701.65625
6294,328156.0,251784.1,76371.90625
3493,202968.0,232787.72,-29819.71875
1390,263068.0,306203.94,-43135.9375
6792,333478.0,365977.8,-32499.8125
5862,321620.0,396731.25,-75111.25
5217,162289.0,205991.81,-43702.8125
3437,327665.0,273622.03,54042.96875
3838,799710.0,738446.06,61263.9375
1444,215828.0,237719.69,-21891.6875
786,191656.0,277945.03,-86289.03125
475,349485.0,302659.84,46825.15625
8603,431655.0,411175.38,20479.625
1241,139589.0,199954.56,-60365.5625
586,115022.0,95532.305,19489.6953125
4143,341666.0,337168.16,4497.84375
2834,165522.0,165613.5,-91.5
1281,232219.0,226729.73,5489.265625
5335,297803.0,324675.28,-26872.28125
1772,386630.0,391245.0,-4615.0
6518,147702.0,146243.42,1458.578125
910,513958.0,492868.47,21089.53125
5201,228720.0,218029.42,10690.578125
4245,119418.0,103676.3,15741.703125
3024,342334.0,309881.25,32452.75
609,245381.0,227138.33,18242.671875
4430,129765.0,129508.64,256.359375
4034,121520.0,141536.5,-20016.5
5561,177190.0,197546.06,-20356.0625
9011,454980.0,399664.84,55315.15625
3618,368759.0,295473.78,73285.21875
2017,285875.0,267417.5,18457.5
6894,503036.0,428197.44,74838.5625
2202,362437.0,277917.8,84519.1875
55,130584.0,148983.0,-18399.0
541,352973.0,409765.53,-56792.53125
6882,343624.0,415491.1,-71867.09375
6714,296728.0,222315.1,74412.90625
5109,431390.0,388754.1,42635.90625
688,528334.0,434744.66,93589.34375
260,157326.0,171787.33,-14461.328125
1493,329066.0,380404.62,-51338.625
1515,274626.0,381578.8,-106952.8125
7887,130469.0,172004.6,-41535.59375
845,397756.0,346428.84,51327.15625
6172,318406.0,399070.12,-80664.125
2654,546376.0,498303.62,48072.375
7554,249022.0,294101.78,-45079.78125
6335,236314.0,226402.69,9911.3125
8727,126778.0,98904.98,27873.0234375
2888,352071.0,423593.75,-71522.75
8733,116008.0,130801.22,-14793.21875
4117,251415.0,193884.53,57530.46875
1293,294570.0,333911.44,-39341.4375
1860,607844.0,605568.7,2275.3125
3192,287659.0,264964.72,22694.28125
383,294633.0,319889.34,-25256.34375
696,147455.0,142799.52,4655.484375
1552,365707.0,421124.75,-55417.75
3301,155565.0,188322.44,-32757.4375
2189,385454.0,411780.34,-26326.34375
3674,92307.0,103189.72,-10882.71875
3895,175215.0,159397.0,15818.0
5497,409516.0,340774.34,68741.65625
5093,104945.0,144230.31,-39285.3125
9104,617566.0,646514.3,-28948.3125
6633,526574.0,603901.75,-77327.75
8564,293019.0,339717.3,-46698.3125
6775,628490.0,448723.2,179766.8125
5051,450801.0,400049.9,50751.09375
2713,288095.0,248630.2,39464.796875
4367,526483.0,432001.62,94481.375
4852,150609.0,180299.34,-29690.34375
5653,209016.0,219114.55,-10098.546875
4558,326331.0,365371.66,-39040.65625
2354,718794.0,723676.8,-4882.8125
464,183660.0,228316.64,-44656.640625
2660,457977.0,507170.7,-49193.6875
8331,261685.0,324038.28,-62353.28125
7097,165351.0,184201.72,-18850.71875
9126,249524.0,225864.1,23659.90625
8119,213760.0,232967.31,-19207.3125
463,623503.0,547523.3,75979.6875
7223,314596.0,330309.7,-15713.6875
8541,198036.0,187671.2,10364.796875
8080,132362.0,155328.5,-22966.5
1213,125257.0,154199.44,-28942.4375
1328,145027.0,173586.2,-28559.203125
7622,293971.0,290950.4,3020.59375
7487,196440.0,165305.72,31134.28125
4530,188048.0,228323.95,-40275.953125
738,213142.0,269492.9,-56350.90625
2507,240943.0,181673.58,59269.421875
316,279529.0,266027.66,13501.34375
1066,152119.0,150004.9,2114.09375
6065,404531.0,432541.34,-28010.34375
2042,314563.0,349621.34,-35058.34375
7785,364001.0,375605.16,-11604.15625
2590,131195.0,162895.06,-31700.0625
4890,333080.0,330261.28,2818.71875
680,421548.0,448977.5,-27429.5
6026,512450.0,551824.44,-39374.4375
1088,420211.0,393722.72,26488.28125
4540,409374.0,418033.66,-8659.65625
9149,469868.0,459668.47,10199.53125
4990,217676.0,224511.78,-6835.78125
603,198206.0,216764.73,-18558.734375
5164,217425.0,193036.28,24388.71875
5650,221968.0,228324.42,-6356.421875
9048,333758.0,313578.28,20179.71875
14,152158.0,145970.06,6187.9375
7552,324917.0,316049.53,8867.46875
6983,252585.0,226076.11,26508.890625
5816,446186.0,439479.47,6706.53125
7356,374947.0,393220.38,-18273.375
7455,293751.0,329589.84,-35838.84375
9251,460305.0,354923.0,105382.0
7845,333771.0,368676.66,-34905.65625
315,297246.0,287406.47,9839.53125
5276,153078.0,192458.36,-39380.359375
8315,197639.0,210266.64,-12627.640625
5397,298751.0,208443.61,90307.390625
9136,387845.0,362144.84,25700.15625
3935,237412.0,197838.64,39573.359375
7597,162719.0,120031.75,42687.25
3274,352041.0,284674.88,67366.125
8067,149893.0,154861.03,-4968.03125
1548,348164.0,306939.38,41224.625
8684,278991.0,314483.34,-35492.34375
6743,282735.0,240861.8,41873.203125
2608,250290.0,287154.7,-36864.6875
3272,230519.0,241895.89,-11376.890625
4840,302354.0,285473.5,16880.5
8516,359881.0,379391.97,-19510.96875
2109,234110.0,221521.0,12589.0
4706,467455.0,426978.22,40476.78125
1056,194449.0,191333.66,3115.34375
2844,163071.0,259601.67,-96530.671875
2400,441216.0,380059.2,61156.8125
2085,263962.0,241614.16,22347.84375
6680,365813.0,333319.88,32493.125
2073,150492.0,155165.11,-4673.109375
2244,329204.0,306127.7,23076.3125
256,436229.0,494163.94,-57934.9375
842,191735.0,231818.47,-40083.46875
3459,192840.0,190946.94,1893.0625
5921,427550.0,514192.06,-86642.0625
7393,473887.0,502787.3,-28900.3125
3025,437750.0,490706.22,-52956.21875
9259,283448.0,417413.62,-133965.625
7013,86532.0,153184.44,-66652.4375
4297,426081.0,394552.94,31528.0625
7769,230211.0,247378.22,-17167.21875
7551,225509.0,179057.48,46451.515625
9278,254823.0,271367.9,-16544.90625
2782,553198.0,580254.0,-27056.0
3226,147777.0,149626.08,-1849.078125
9271,704918.0,691235.1,13682.875
5134,248599.0,687124.6,-438525.625
60,143966.0,148092.9,-4126.90625
1575,178522.0,220149.6,-41627.59375
9046,639138.0,644117.5,-4979.5
7643,118284.0,109612.27,8671.7265625
5734,337155.0,341384.06,-4229.0625
871,174022.0,173012.52,1009.484375
4808,658265.0,450195.06,208069.9375
1776,356173.0,431521.84,-75348.84375
4857,360940.0,453759.78,-92819.78125
1439,368445.0,378311.53,-9866.53125
8694,163949.0,184383.2,-20434.203125
9250,153689.0,127299.164,26389.8359375
1511,302261.0,285994.62,16266.375
7034,467331.0,311629.25,155701.75
8904,226820.0,253495.6,-26675.59375
127,229524.0,294945.84,-65421.84375
3791,420325.0,418263.97,2061.03125
1416,154762.0,196424.5,-41662.5
7535,344867.0,297533.94,47333.0625
2305,482082.0,443953.97,38128.03125
6281,506699.0,495194.47,11504.53125
2787,589998.0,460530.12,129467.875
5938,268287.0,275041.97,-6754.96875
8858,187939.0,192080.95,-4141.953125
1760,312990.0,327028.47,-14038.46875
2220,309335.0,266406.22,42928.78125
2030,499574.0,448609.53,50964.46875
2988,405473.0,427289.0,-21816.0
6296,280167.0,307441.0,-27274.0
8561,278404.0,289715.53,-11311.53125
6652,253887.0,214339.1,39547.90625
794,471805.0,404504.94,67300.0625
5010,717145.0,678398.5,38746.5
1651,287973.0,310071.56,-22098.5625
1153,192611.0,85997.97,106613.03125
6699,340238.0,360361.3,-20123.3125
2323,638356.0,620202.4,18153.625
8064,402413.0,417974.28,-15561.28125
2081,171552.0,170255.92,1296.078125
481,169432.0,172533.9,-3101.90625
6164,360433.0,342370.0,18063.0
3945,406771.0,427291.28,-20520.28125
7295,368740.0,417846.53,-49106.53125
6939,131151.0,165217.1,-34066.09375
6522,272931.0,329314.28,-56383.28125
6159,394778.0,481841.53,-87063.53125
2237,241792.0,291400.6,-49608.59375
3815,309175.0,275308.72,33866.28125
2443,485487.0,491635.97,-6148.96875
8012,197788.0,189677.53,8110.46875
1150,155903.0,190708.5,-34805.5
7376,84759.0,105487.75,-20728.75
5464,306619.0,361742.16,-55123.15625
8393,258918.0,295587.6,-36669.59375
850,302372.0,284599.28,17772.71875
3581,218902.0,249740.48,-30838.484375
2971,529260.0,489973.75,39286.25
7866,517452.0,446236.94,71215.0625
3680,91563.0,94479.0,-2916.0
3260,643249.0,515546.22,127702.78125
6554,219561.0,242247.03,-22686.03125
1748,332850.0,339470.0,-6620.0
7726,371666.0,392136.22,-20470.21875
1431,180968.0,174923.28,6044.71875
2908,240062.0,241595.75,-1533.75
6545,268152.0,303201.44,-35049.4375
6705,445255.0,540910.3,-95655.3125
5499,204891.0,221984.05,-17093.046875
7703,183769.0,177366.14,6402.859375
2763,311786.0,297465.8,14320.1875
2165,333248.0,388759.53,-55511.53125
1916,416819.0,438378.66,-21559.65625
7682,245922.0,276345.25,-30423.25
2518,268955.0,289443.9,-20488.90625
4662,598536.0,565300.25,33235.75
6157,171426.0,138832.0,32594.0
7171,405117.0,343497.5,61619.5
773,171345.0,168810.4,2534.59375
4060,256763.0,232082.75,24680.25
9347,299381.0,337732.38,-38351.375
6562,211071.0,176876.1,34194.90625
8587,298083.0,303688.34,-5605.34375
7983,460545.0,509745.62,-49200.625
2529,109271.0,97222.836,12048.1640625
4902,212671.0,280773.6,-68102.59375
5031,384010.0,319420.75,64589.25
7888,296604.0,330515.25,-33911.25
3545,249092.0,265410.78,-16318.78125
7516,596728.0,413499.7,183228.3125
1763,402901.0,417704.75,-14803.75
2533,238566.0,217369.06,21196.9375
8373,185015.0,177941.23,7073.765625
8732,334744.0,332479.47,2264.53125
2593,480142.0,471793.97,8348.03125
8251,205006.0,208057.78,-3051.78125
4795,409570.0,423691.88,-14121.875
1100,256838.0,236097.27,20740.734375
4299,159185.0,158705.97,479.03125
6560,611195.0,733298.6,-122103.625
5700,180824.0,186195.08,-5371.078125
726,442593.0,477773.8,-35180.8125
1042,327443.0,319631.78,7811.21875
5894,250969.0,280920.94,-29951.9375
2135,130100.0,180814.25,-50714.25
6878,278209.0,324292.28,-46083.28125
2706,202190.0,247099.14,-44909.140625
8145,366884.0,310645.47,56238.53125
6305,608804.0,511405.0,97399.0
7159,219290.0,185532.45,33757.546875
2987,163081.0,156979.88,6101.125
540,101403.0,110888.44,-9485.4375
6676,374031.0,426411.06,-52380.0625
8309,507240.0,574330.5,-67090.5
8886,200688.0,199705.6,982.40625
1967,278007.0,223398.2,54608.796875
345,151117.0,188615.7,-37498.703125
4802,285759.0,324415.38,-38656.375
7905,252125.0,501563.4,-249438.40625
3749,325309.0,365361.72,-40052.71875
4493,286144.0,348621.28,-62477.28125
6900,111208.0,439227.16,-328019.15625
6609,371146.0,469663.1,-98517.09375
1943,459828.0,407325.12,52502.875
5681,454541.0,394668.16,59872.84375
7251,152424.0,171004.72,-18580.71875
1450,610664.0,468360.25,142303.75
5867,215338.0,185507.95,29830.046875
4502,285940.0,303654.16,-17714.15625
2103,433760.0,440016.56,-6256.5625
4685,122435.0,179314.83,-56879.828125
7839,158207.0,150028.89,8178.109375
4849,581371.0,478842.1,102528.90625
805,324572.0,372248.56,-47676.5625
5011,358884.0,368159.22,-9275.21875
763,308423.0,367979.38,-59556.375
9006,212142.0,224350.05,-12208.046875
5949,390584.0,522442.1,-131858.09375
2784,233839.0,232559.56,1279.4375
4877,305055.0,322295.53,-17240.53125
508,357614.0,523328.72,-165714.71875
3345,465752.0,388511.8,77240.1875
4600,205295.0,222269.28,-16974.28125
3562,403294.0,309554.47,93739.53125
5319,388365.0,372108.6,16256.40625
4704,326811.0,335951.6,-9140.59375
8842,118076.0,137769.23,-19693.234375
4981,515091.0,434491.22,80599.78125
1770,318040.0,382400.12,-64360.125
1855,258957.0,265057.88,-6100.875
5603,409440.0,466065.8,-56625.8125
4186,268448.0,283653.56,-15205.5625
6073,105649.0,176713.22,-71064.21875
2172,296197.0,229761.6,66435.40625
7262,327045.0,335958.25,-8913.25
7503,481459.0,480785.53,673.46875
6745,280037.0,278791.47,1245.53125
7606,520851.0,424922.78,95928.21875
3414,93184.0,106676.32,-13492.3203125
4435,469333.0,529325.7,-59992.6875
2938,539674.0,489036.44,50637.5625
2698,588056.0,628849.06,-40793.0625
2303,286360.0,289873.94,-3513.9375
3334,256653.0,226290.81,30362.1875
8963,222809.0,244252.84,-21443.84375
4287,242248.0,339101.75,-96853.75
1101,425448.0,395736.6,29711.40625
1413,139473.0,159788.31,-20315.3125
872,406218.0,396856.3,9361.6875
6936,122153.0,157115.11,-34962.109375
7030,277551.0,280007.7,-2456.6875
976,282713.0,281690.7,1022.3125
5573,300270.0,334035.78,-33765.78125
5762,277419.0,278767.44,-1348.4375
8511,167321.0,193361.36,-26040.359375
6379,289988.0,252961.6,37026.40625
5327,777520.0,704538.94,72981.0625
6267,291969.0,287486.0,4483.0
9262,781655.0,619181.2,162473.8125
3121,317964.0,357283.38,-39319.375
4715,718976.0,694008.5,24967.5
4241,347510.0,313817.06,33692.9375
8318,315872.0,345138.16,-29266.15625
2045,446565.0,319732.8,126832.1875
6546,335035.0,433560.62,-98525.625
7821,551331.0,511431.28,39899.71875
7587,184325.0,203688.75,-19363.75
3340,465669.0,375195.06,90473.9375
6345,511856.0,393805.5,118050.5
3675,321546.0,310477.53,11068.46875
6209,182928.0,184546.2,-1618.203125
4483,324462.0,412394.28,-87932.28125
7176,367682.0,457635.53,-89953.53125
16,144245.0,129896.016,14348.984375
5187,134612.0,125146.06,9465.9375
5885,271912.0,294201.2,-22289.1875
5237,187585.0,174058.06,13526.9375
2696,193262.0,155739.92,37522.078125
6885,464878.0,452216.22,12661.78125
3149,491701.0,545712.0,-54011.0
6721,240668.0,256358.73,-15690.734375
9093,454967.0,501167.28,-46200.28125
5347,470961.0,393227.56,77733.4375
6242,146201.0,136512.69,9688.3125
1893,548876.0,671187.4,-122311.375
3385,246347.0,238490.69,7856.3125
5563,204044.0,263222.2,-59178.1875
5747,308499.0,257300.42,51198.578125
7086,313616.0,301074.25,12541.75
1395,324713.0,328511.6,-3798.59375
3484,332631.0,326147.44,6483.5625
1258,296045.0,330333.4,-34288.40625
2484,241940.0,232359.83,9580.171875
7064,290872.0,260944.73,29927.265625
4865,208381.0,210672.69,-2291.6875
8274,206579.0,237973.53,-31394.53125
3194,491568.0,667255.7,-175687.6875
2322,485229.0,513599.25,-28370.25
8785,79410.0,77972.05,1437.953125
6710,446292.0,405805.06,40486.9375
1190,602965.0,622472.0,-19507.0
8502,511022.0,632377.6,-121355.625
1801,236976.0,235522.55,1453.453125
661,402063.0,366654.94,35408.0625
8489,234950.0,229527.7,5422.296875
3855,170733.0,180692.33,-9959.328125
5461,132909.0,94545.62,38363.3828125
6621,538133.0,498023.2,40109.8125
833,312155.0,381337.12,-69182.125
3864,300483.0,277872.06,22610.9375
1634,175598.0,167380.3,8217.703125
8945,211664.0,222896.47,-11232.46875
3392,129611.0,96896.984,32714.015625
3595,249394.0,250881.6,-1487.59375
6489,297248.0,282648.88,14599.125
7161,658390.0,527469.75,130920.25
9232,558044.0,496820.22,61223.78125
6441,218374.0,174144.7,44229.296875
516,164566.0,200268.77,-35702.765625
2255,587423.0,553458.1,33964.875
1260,289043.0,287302.53,1740.46875
4082,472544.0,538190.44,-65646.4375
1062,95635.0,133172.34,-37537.34375
7316,182010.0,204725.64,-22715.640625
4250,137307.0,141110.33,-3803.328125
4486,313656.0,237003.5,76652.5
1566,205566.0,220404.2,-14838.203125
8026,322706.0,268813.5,53892.5
6629,337822.0,373061.88,-35239.875
2168,556336.0,530600.44,25735.5625
8844,466903.0,424003.75,42899.25
632,329502.0,367820.6,-38318.59375
6692,106511.0,113820.336,-7309.3359375
90,195781.0,163066.27,32714.734375
227,201580.0,208357.27,-6777.265625
2374,310522.0,268697.28,41824.71875
3046,285359.0,310041.7,-24682.6875
1954,227258.0,191552.5,35705.5
3417,347466.0,308024.38,39441.625
570,567768.0,529553.1,38214.875
3305,189349.0,207818.2,-18469.203125
2295,579692.0,460968.25,118723.75
2246,615573.0,542262.8,73310.1875
7837,356893.0,498159.12,-141266.125
898,350373.0,357007.25,-6634.25
2010,285160.0,309351.2,-24191.1875
7141,330122.0,307777.75,22344.25
4787,786952.0,574397.7,212554.3125
2177,344979.0,369724.9,-24745.90625
6999,257019.0,296094.44,-39075.4375
6405,194611.0,183605.94,11005.0625
5302,295182.0,323273.0,-28091.0
3357,283118.0,283986.78,-868.78125
6482,283545.0,274696.28,8848.71875
5961,418161.0,457428.6,-39267.59375
7406,557606.0,559546.4,-1940.375
5160,376857.0,442079.2,-65222.1875
4629,478355.0,490945.25,-12590.25
1197,184584.0,186240.98,-1656.984375
5627,260760.0,223940.14,36819.859375
1668,135358.0,148931.89,-13573.890625
7669,103444.0,88820.07,14623.9296875
8359,624548.0,681037.44,-56489.4375
196,302546.0,420941.47,-118395.46875
8229,100980.0,111177.6,-10197.6015625
6317,150909.0,194902.23,-43993.234375
8134,387272.0,407150.06,-19878.0625
4633,289793.0,305722.1,-15929.09375
5076,338480.0,418351.4,-79871.40625
6128,351973.0,345430.8,6542.1875
4634,252766.0,253629.61,-863.609375
46,229781.0,187241.42,42539.578125
4543,322814.0,380148.34,-57334.34375
3478,206329.0,218701.02,-12372.015625
9054,385228.0,405813.66,-20585.65625
7631,88885.0,226058.22,-137173.21875
1105,324350.0,272395.62,51954.375
769,645791.0,542262.8,103528.1875
1345,652739.0,585434.4,67304.625
7877,263294.0,208212.12,55081.875
7929,116627.0,214245.95,-97618.953125
7525,127909.0,157813.72,-29904.71875
8542,392845.0,334219.2,58625.8125
8074,428760.0,478928.0,-50168.0
924,357611.0,321760.8,35850.1875
6619,275274.0,296894.22,-21620.21875
1963,137021.0,94525.58,42495.421875
7318,418899.0,480247.62,-61348.625
5969,143349.0,155920.67,-12571.671875
5873,94697.0,113939.85,-19242.8515625
1791,560181.0,577261.5,-17080.5
1978,502025.0,499791.25,2233.75
2890,284186.0,254763.53,29422.46875
7188,186867.0,183873.5,2993.5
2074,124482.0,127208.37,-2726.3671875
1324,404895.0,400853.97,4041.03125
7700,533702.0,396847.66,136854.34375
5882,95130.0,118572.06,-23442.0625
7121,370703.0,369064.28,1638.71875
1632,123881.0,101766.33,22114.671875
8756,356842.0,302526.12,54315.875
5958,497672.0,524905.0,-27233.0
1879,321144.0,346733.5,-25589.5
8174,305833.0,295502.84,10330.15625
6785,302037.0,355105.72,-53068.71875
330,285761.0,318547.6,-32786.59375
7047,431568.0,463640.53,-32072.53125
538,438983.0,355442.3,83540.6875
1965,288506.0,275509.6,12996.40625
5195,275300.0,276330.4,-1030.40625
1775,200558.0,152770.08,47787.921875
5036,257238.0,233905.77,23332.234375
9272,318764.0,396815.47,-78051.46875
8670,503089.0,473950.44,29138.5625
3849,332765.0,380495.53,-47730.53125
3778,357178.0,348085.16,9092.84375
8984,315830.0,664541.3,-348711.3125
1907,387677.0,502243.84,-114566.84375
2437,484958.0,447190.7,37767.3125
3663,391313.0,442703.94,-51390.9375
5267,358545.0,379177.94,-20632.9375
8911,259283.0,282864.38,-23581.375
1920,145294.0,150210.4,-4916.40625
38,611812.0,484662.5,127149.5
2623,514802.0,429499.3,85302.6875
6982,169833.0,185741.4,-15908.40625
3047,323343.0,320984.62,2358.375
6479,270698.0,297507.2,-26809.1875
1075,221829.0,286913.97,-65084.96875
3125,225630.0,290840.94,-65210.9375
8991,272648.0,218296.17,54351.828125
1430,167631.0,206912.89,-39281.890625
7155,168095.0,186084.69,-17989.6875
4603,385512.0,271578.8,113933.1875
4627,159672.0,176308.9,-16636.90625
3563,364872.0,292942.75,71929.25
3887,425796.0,481053.53,-55257.53125
4470,423595.0,430527.38,-6932.375
488,363317.0,382188.1,-18871.09375
2336,235611.0,233376.73,2234.265625
1154,301427.0,267298.66,34128.34375
1069,166703.0,132610.12,34092.875
5760,494968.0,371328.72,123639.28125
4048,173300.0,179596.78,-6296.78125
500,249188.0,284319.16,-35131.15625
8166,310240.0,341794.38,-31554.375
5417,193642.0,236006.33,-42364.328125
6528,125956.0,86925.75,39030.25
3734,529869.0,434381.72,95487.28125
3170,357402.0,168453.88,188948.125
2435,588315.0,575952.56,12362.4375
6270,345671.0,281395.88,64275.125
3162,266132.0,287675.56,-21543.5625
2477,164297.0,163968.25,328.75
841,178651.0,190225.48,-11574.484375
5673,325852.0,365948.22,-40096.21875
1399,533270.0,448747.97,84522.03125
7722,285236.0,218362.66,66873.34375
1198,121121.0,119312.055,1808.9453125
2620,169464.0,242004.94,-72540.9375
9089,639929.0,574228.6,65700.375
4824,184847.0,230425.14,-45578.140625
2545,295415.0,321109.16,-25694.15625
5188,617554.0,549156.5,68397.5
7899,509985.0,499098.3,10886.6875
4767,134114.0,118636.46,15477.5390625
4020,293388.0,321396.6,-28008.59375
2108,370346.0,409074.12,-38728.125
8711,663256.0,491768.16,171487.84375
5030,287009.0,239869.05,47139.953125
1159,568783.0,464180.53,104602.46875
2997,301398.0,224819.69,76578.3125
7871,167171.0,238807.9,-71636.90625
3537,151050.0,156174.83,-5124.828125
3391,214323.0,211568.3,2754.703125
1582,320937.0,325760.78,-4823.78125
646,290643.0,298210.22,-7567.21875
5714,103935.0,150314.34,-46379.34375
8652,412045.0,449049.12,-37004.125
5819,358434.0,425315.72,-66881.71875
3467,415671.0,388457.53,27213.46875
1169,439652.0,330117.4,109534.59375
4566,259715.0,218620.98,41094.015625
4077,89070.0,99652.08,-10582.078125
2850,204591.0,225245.84,-20654.84375
2641,700495.0,666432.3,34062.6875
3380,339081.0,338492.22,588.78125
5280,356741.0,334596.75,22144.25
6891,536602.0,373359.84,163242.15625
6119,160914.0,216764.73,-55850.734375
2092,307774.0,344652.1,-36878.09375
6423,1195094.0,815725.9,379368.125
3023,244398.0,194105.31,50292.6875
4458,358483.0,296974.4,61508.59375
3432,471840.0,404254.9,67585.09375
1116,414074.0,449558.28,-35484.28125
7378,225761.0,189847.94,35913.0625
6215,187946.0,223330.27,-35384.265625
7456,322928.0,288514.12,34413.875
4320,347338.0,337423.78,9914.21875
6381,418780.0,380269.28,38510.71875
6487,396818.0,288227.97,108590.03125
6374,378485.0,449813.66,-71328.65625
2578,353865.0,453160.28,-99295.28125
8297,324139.0,317690.0,6449.0
6991,261216.0,280021.47,-18805.46875
5539,411336.0,454258.0,-42922.0
3531,193732.0,188540.56,5191.4375
2040,236727.0,252467.56,-15740.5625
4784,254716.0,240035.81,14680.1875
7329,207770.0,242371.23,-34601.234375
2839,170202.0,190348.22,-20146.21875
5534,285862.0,307910.88,-22048.875
2007,185615.0,194931.38,-9316.375
6898,280080.0,373527.62,-93447.625
3845,171327.0,175348.34,-4021.34375
6156,167778.0,141022.58,26755.421875
8356,455668.0,440516.25,15151.75
5111,136392.0,141799.42,-5407.421875
173,109539.0,290044.66,-180505.65625
8818,309810.0,337122.8,-27312.8125
5951,409896.0,444657.44,-34761.4375
5727,137033.0,158746.86,-21713.859375
9156,280170.0,304707.06,-24537.0625
43,125642.0,143870.89,-18228.890625
2840,281341.0,332954.97,-51613.96875
1251,334282.0,354215.38,-19933.375
7725,520776.0,477051.22,43724.78125
1759,540399.0,520341.1,20057.90625
4380,362044.0,370350.38,-8306.375
2139,356983.0,293104.9,63878.09375
3045,272327.0,298922.88,-26595.875
3752,286353.0,281920.44,4432.5625
509,257328.0,297589.12,-40261.125
6419,299552.0,277739.66,21812.34375
3368,325656.0,306895.9,18760.09375
3763,484499.0,464967.38,19531.625
3090,307063.0,248875.73,58187.265625
4087,906257.0,813282.94,92974.0625
4418,120004.0,146579.88,-26575.875
4171,146342.0,174589.8,-28247.796875
4949,518214.0,494271.28,23942.71875
7306,428383.0,351237.4,77145.59375
8117,141556.0,171470.56,-29914.5625
4577,273700.0,298377.1,-24677.09375
5332,293109.0,390451.06,-97342.0625
5669,294186.0,317331.28,-23145.28125
3110,186553.0,181039.94,5513.0625
2187,254790.0,204316.06,50473.9375
8824,194388.0,167069.64,27318.359375
4776,200547.0,236694.77,-36147.765625
2417,203897.0,202230.11,1666.890625
5990,107350.0,103987.055,3362.9453125
5244,284165.0,283496.03,668.96875
4091,512769.0,538942.3,-26173.3125
1340,240896.0,246051.3,-5155.296875
3972,254775.0,236826.73,17948.265625
702,210846.0,221243.98,-10397.984375
5671,105507.0,97389.68,8117.3203125
1749,250775.0,208143.73,42631.265625
3306,557007.0,555424.1,1582.875
8193,272906.0,304457.38,-31551.375
2588,349732.0,397675.2,-47943.1875
504,247267.0,323868.22,-76601.21875
1446,442258.0,427124.97,15133.03125
2846,707521.0,707006.2,514.8125
4618,617226.0,537898.5,79327.5
4315,376095.0,414910.97,-38815.96875
8666,233518.0,213710.12,19807.875
1488,305801.0,342376.66,-36575.65625
4487,362366.0,317213.53,45152.46875
6657,244226.0,275442.97,-31216.96875
8465,273357.0,288296.7,-14939.6875
218,403719.0,365060.7,38658.3125
3223,159087.0,168705.98,-9618.984375
6415,200265.0,210909.31,-10644.3125
9157,143624.0,97261.125,46362.875
2339,381730.0,334772.25,46957.75
7654,371801.0,342638.2,29162.8125
6505,232228.0,251019.98,-18791.984375
1377,225007.0,242279.16,-17272.15625
6734,256061.0,257072.52,-1011.515625
780,118012.0,159971.25,-41959.25
4023,328830.0,334066.2,-5236.1875
4353,556299.0,550920.25,5378.75
2976,284631.0,275173.34,9457.65625
8712,389144.0,348290.3,40853.6875
3995,190793.0,173906.64,16886.359375
8928,346515.0,292497.22,54017.78125
3546,558170.0,444331.75,113838.25
5444,396695.0,446090.0,-49395.0
1225,201608.0,265127.78,-63519.78125
7106,534487.0,471843.75,62643.25
8545,343653.0,354613.3,-10960.3125
4786,88870.0,81460.78,7409.21875
4218,248019.0,263077.16,-15058.15625
5074,387946.0,383448.34,4497.65625
8967,392086.0,328773.22,63312.78125
3818,202924.0,205179.92,-2255.921875
2249,292154.0,293085.7,-931.6875
5557,472528.0,523564.03,-51036.03125
2779,395887.0,479539.56,-83652.5625
7881,98409.0,91923.79,6485.2109375
1222,788565.0,675645.25,112919.75
8369,210507.0,276534.75,-66027.75
5725,69315.0,109889.76,-40574.7578125
6428,369613.0,447106.34,-77493.34375
4601,281437.0,265275.72,16161.28125
4499,288359.0,310795.47,-22436.46875
5002,168940.0,211812.38,-42872.375
8830,256996.0,250512.66,6483.34375
4024,233001.0,337373.25,-104372.25
3706,298322.0,285043.56,13278.4375
1386,266187.0,232656.55,33530.453125
5228,253698.0,270336.1,-16638.09375
636,252531.0,230923.66,21607.34375
5101,271180.0,211380.3,59799.703125
8127,295650.0,376143.28,-80493.28125
6597,409034.0,337955.5,71078.5
2601,314002.0,400014.06,-86012.0625
1852,299822.0,264365.4,35456.59375
7022,408769.0,315216.0,93553.0
5877,699600.0,422052.56,277547.4375
4185,139478.0,187840.94,-48362.9375
7105,348970.0,295355.78,53614.21875
2112,173838.0,184987.97,-11149.96875
917,242677.0,262777.4,-20100.40625
8650,479642.0,481285.62,-1643.625
2897,407020.0,514936.16,-107916.15625
7285,127938.0,125108.8,2829.203125
1161,230781.0,242919.34,-12138.34375
3874,518486.0,530260.2,-11774.1875
6076,293310.0,289298.75,4011.25
2423,709347.0,642962.9,66384.125
7758,160328.0,137738.8,22589.203125
8916,331261.0,295136.0,36125.0
7947,423762.0,349053.3,74708.6875
4351,315499.0,391405.4,-75906.40625
5836,189348.0,225389.39,-36041.390625
3202,613498.0,737628.2,-124130.1875
4113,388112.0,380054.47,8057.53125
2585,386616.0,359841.88,26774.125
7382,631601.0,740756.9,-109155.875
3947,227847.0,240567.17,-12720.171875
2197,419192.0,398908.34,20283.65625
1469,374335.0,307486.16,66848.84375
8932,434508.0,389561.34,44946.65625
537,330204.0,431285.94,-101081.9375
4518,475608.0,483310.6,-7702.59375
6525,352063.0,366041.72,-13978.71875
942,173546.0,145115.58,28430.421875
3463,623337.0,506350.03,116986.96875
3017,684161.0,540839.1,143321.875
6315,283774.0,221942.39,61831.609375
2111,318015.0,302655.22,15359.78125
2008,247575.0,323146.75,-75571.75
2493,244803.0,217734.61,27068.390625
8085,311145.0,321491.97,-10346.96875
7182,225668.0,213710.12,11957.875
3456,62169.0,127644.85,-65475.8515625
1903,218330.0,210643.22,7686.78125
8045,515989.0,653613.75,-137624.75
2269,176523.0,192342.89,-15819.890625
3769,212021.0,273638.38,-61617.375
4842,301091.0,290829.97,10261.03125
6460,560981.0,482201.28,78779.71875
6477,364995.0,395267.2,-30272.1875
6889,311537.0,332686.84,-21149.84375
3599,255569.0,274101.34,-18532.34375
3872,177892.0,163348.14,14543.859375
2807,434788.0,395406.47,39381.53125
5769,511186.0,413927.28,97258.71875
8906,354492.0,375623.06,-21131.0625
8179,679836.0,630574.75,49261.25
6952,263971.0,250053.8,13917.203125
5361,156909.0,199898.73,-42989.734375
2137,266564.0,476793.4,-210229.40625
5708,684438.0,542331.1,142106.875
6752,308536.0,319129.03,-10593.03125
3373,211365.0,229665.36,-18300.359375
4173,198596.0,200269.38,-1673.375
6516,342586.0,329873.53,12712.46875
6290,404129.0,395593.62,8535.375
9109,135746.0,175727.98,-39981.984375
7208,197253.0,215140.83,-17887.828125
3990,216272.0,221256.78,-4984.78125
9332,305613.0,343261.47,-37648.46875
4800,266343.0,286809.2,-20466.1875
5067,333439.0,430259.16,-96820.15625
7419,324204.0,280416.84,43787.15625
391,208249.0,224842.94,-16593.9375
1160,562580.0,478919.38,83660.625
3465,296625.0,330688.8,-34063.8125
954,149883.0,142824.3,7058.703125
1914,315045.0,308426.28,6618.71875
9318,413775.0,388430.72,25344.28125
5730,409860.0,377692.25,32167.75
1831,246130.0,281334.5,-35204.5
8988,380008.0,285350.28,94657.71875
668,321160.0,328117.25,-6957.25
4359,285058.0,269645.38,15412.625
2274,378192.0,397476.1,-19284.09375
1996,322308.0,265365.84,56942.15625
4002,219921.0,240986.69,-21065.6875
8514,269555.0,354842.62,-85287.625
3726,282318.0,245026.67,37291.328125
3585,527926.0,491979.5,35946.5
5471,113685.0,139006.97,-25321.96875
873,392207.0,441730.66,-49523.65625
998,201076.0,237845.95,-36769.953125
4154,323743.0,265755.1,57987.90625
3088,353217.0,275529.72,77687.28125
453,209384.0,202835.56,6548.4375
6751,737249.0,714882.2,22366.8125
5886,160582.0,163723.88,-3141.875
6433,288219.0,342312.88,-54093.875
6596,425724.0,411257.03,14466.96875
369,367654.0,358895.56,8758.4375
6594,583896.0,457707.28,126188.71875
2332,329235.0,378791.8,-49556.8125
3787,266114.0,196924.44,69189.5625
1596,271254.0,257142.3,14111.703125
4485,273893.0,294919.53,-21026.53125
5985,395559.0,368583.6,26975.40625
5424,270581.0,318411.53,-47830.53125
1794,318818.0,302406.44,16411.5625
4861,350938.0,393054.06,-42116.0625
2341,167048.0,114873.98,52174.0234375
6444,444116.0,471794.66,-27678.65625
720,469453.0,515210.34,-45757.34375
3186,158430.0,163436.7,-5006.703125
1407,187332.0,179638.55,7693.453125
5001,341618.0,380786.84,-39168.84375
4652,406527.0,488608.16,-82081.15625
7739,474343.0,469252.56,5090.4375
3721,136150.0,138970.9,-2820.90625
2967,378252.0,335398.38,42853.625
6101,254631.0,357542.44,-102911.4375
6670,231871.0,282765.44,-50894.4375
1723,305114.0,283604.94,21509.0625
2635,281914.0,264182.72,17731.28125
7300,481873.0,471916.1,9956.90625
9299,239259.0,284345.97,-45086.96875
8936,196719.0,200150.77,-3431.765625
667,227931.0,268629.72,-40698.71875
3965,349929.0,378374.03,-28445.03125
1868,669869.0,647933.0,21936.0
207,363642.0,404481.28,-40839.28125
9242,370508.0,451293.5,-80785.5
725,704363.0,607337.1,97025.875
5102,497815.0,492293.22,5521.78125
3785,236004.0,193028.19,42975.8125
6850,340355.0,325359.66,14995.34375
6080,304418.0,249325.03,55092.96875
3013,337740.0,355176.34,-17436.34375
8973,296149.0,361034.2,-64885.1875
2762,304805.0,328401.72,-23596.71875
1353,332020.0,337381.5,-5361.5
6230,306956.0,334754.3,-27798.3125
7119,209314.0,221077.66,-11763.65625
5989,423427.0,408976.53,14450.46875
142,256394.0,271234.88,-14840.875
4587,528531.0,541434.5,-12903.5
8903,295559.0,271689.34,23869.65625
911,116824.0,101737.93,15086.0703125
19,531502.0,475977.5,55524.5
1690,402927.0,396812.97,6114.03125
490,193277.0,221355.8,-28078.796875
1492,207461.0,194449.88,13011.125
884,359598.0,400634.88,-41036.875
8016,379188.0,421820.94,-42632.9375
5343,231137.0,229051.31,2085.6875
1738,345770.0,372941.12,-27171.125
896,347868.0,332226.1,15641.90625
4465,230504.0,276576.38,-46072.375
3566,386520.0,348189.4,38330.59375
1070,130587.0,183289.97,-52702.96875
6295,184369.0,188375.56,-4006.5625
8153,147544.0,157944.75,-10400.75
3066,381696.0,372450.78,9245.21875
8646,383701.0,365847.3,17853.6875
5957,203177.0,245355.38,-42178.375
740,110281.0,104654.59,5626.40625
7018,182142.0,127671.805,54470.1953125
8860,330562.0,324952.66,5609.34375
8412,315184.0,297018.4,18165.59375
4466,616407.0,559272.0,57135.0
3449,53689.0,63061.49,-9372.48828125
2770,492714.0,514869.78,-22155.78125
8286,282980.0,317148.66,-34168.65625
6716,448957.0,532168.94,-83211.9375
3230,277747.0,258964.5,18782.5
7492,331843.0,325642.1,6200.90625
533,246298.0,224928.12,21369.875
788,489334.0,522816.53,-33482.53125
2638,272858.0,298024.53,-25166.53125
9069,283291.0,301560.12,-18269.125
3538,202017.0,171478.33,30538.671875
4346,528357.0,456682.25,71674.75
5374,432756.0,393621.53,39134.46875
7000,344483.0,344221.88,261.125
6160,310741.0,374774.5,-64033.5
8813,322292.0,320766.34,1525.65625
2225,338111.0,286418.06,51692.9375
3994,185449.0,198189.52,-12740.515625
5119,263627.0,231233.19,32393.8125
1887,445618.0,445059.44,558.5625
5238,545804.0,522533.72,23270.28125
6030,309010.0,248562.02,60447.984375
5366,329992.0,447527.9,-117535.90625
713,332502.0,368901.84,-36399.84375
8631,342807.0,359921.94,-17114.9375
4749,409761.0,504279.7,-94518.6875
2785,388650.0,347105.12,41544.875
9152,331900.0,308454.94,23445.0625
3859,433194.0,456624.12,-23430.125
1593,319832.0,289217.84,30614.15625
3638,270411.0,251498.3,18912.703125
3168,210139.0,283780.0,-73641.0
8452,170314.0,251761.77,-81447.765625
2155,130171.0,169877.89,-39706.890625
2287,356059.0,285405.6,70653.40625
7995,456946.0,400384.8,56561.1875
2383,137521.0,133910.0,3611.0
6876,495191.0,351916.4,143274.59375
4065,327549.0,323250.25,4298.75
8505,355857.0,351830.3,4026.6875
416,158148.0,176994.3,-18846.296875
1704,286227.0,276107.97,10119.03125
7243,316931.0,321338.94,-4407.9375
479,273851.0,226392.66,47458.34375
5460,480932.0,504377.0,-23445.0
5356,426988.0,321024.97,105963.03125
3171,292413.0,321270.28,-28857.28125
8413,345564.0,304094.5,41469.5
6166,288957.0,259741.39,29215.609375
3132,545850.0,646680.6,-100830.625
8715,139168.0,174168.73,-35000.734375
1484,369579.0,432112.3,-62533.3125
6356,159515.0,110083.66,49431.34375
4761,380565.0,439697.66,-59132.65625
5503,133968.0,114133.61,19834.390625
2181,137431.0,182022.94,-44591.9375
4622,394529.0,423004.94,-28475.9375
2015,287469.0,404901.97,-117432.96875
8829,282434.0,235922.92,46511.078125
6808,511789.0,445540.8,66248.1875
3420,333684.0,396366.53,-62682.53125
447,457737.0,351033.53,106703.46875
7310,588237.0,599672.25,-11435.25
6715,366603.0,308967.97,57635.03125
2900,110334.0,133725.25,-23391.25
4550,199216.0,250243.23,-51027.234375
5833,288786.0,267232.56,21553.4375
1577,315143.0,297304.28,17838.71875
2566,147501.0,180906.42,-33405.421875
9245,453728.0,489833.94,-36105.9375
3661,335966.0,302368.44,33597.5625
4090,401116.0,405072.78,-3956.78125
1637,141212.0,191435.06,-50223.0625
8969,543480.0,451585.9,91894.09375
7131,476298.0,465301.06,10996.9375
7459,368928.0,375462.16,-6534.15625
5654,346230.0,344048.0,2182.0
6534,336580.0,316786.1,19793.90625
8427,390699.0,385597.7,5101.3125
417,113977.0,164427.05,-50450.046875
1789,158298.0,213094.8,-54796.796875
6222,397852.0,398680.28,-828.28125
783,580157.0,598349.44,-18192.4375
8899,199665.0,197607.16,2057.84375
7008,350827.0,387914.1,-37087.09375
741,470932.0,382900.66,88031.34375
582,474037.0,526863.7,-52826.6875
2193,490228.0,497359.53,-7131.53125
4650,233137.0,286514.53,-53377.53125
8312,336750.0,296905.56,39844.4375
5715,233672.0,246522.73,-12850.734375
3756,195174.0,158167.8,37006.203125
1269,405162.0,445794.25,-40632.25
7637,367007.0,311099.22,55907.78125
4635,223127.0,236127.44,-13000.4375
2080,398217.0,326120.06,72096.9375
7339,491931.0,427633.88,64297.125
6723,419469.0,381617.75,37851.25
6976,424192.0,464897.72,-40705.71875
6523,321870.0,274673.0,47197.0
6391,273181.0,227066.95,46114.046875
5318,582641.0,515216.8,67424.1875
6501,558333.0,511337.75,46995.25
3327,265310.0,268578.8,-3268.8125
1320,505002.0,492497.75,12504.25
5604,586232.0,542904.4,43327.625
7912,689277.0,541549.3,147727.6875
9302,213061.0,257147.53,-44086.53125
2402,221845.0,248180.45,-26335.453125
3341,313062.0,318813.88,-5751.875
9163,200213.0,200803.17,-590.171875
3960,544614.0,486045.97,58568.03125
2221,315819.0,372932.0,-57113.0
7280,211161.0,187580.84,23580.15625
8855,333464.0,350147.7,-16683.6875
1993,403724.0,436417.88,-32693.875
2094,330840.0,324271.53,6568.46875
3102,362042.0,373634.84,-11592.84375
4361,173586.0,216092.67,-42506.671875
6804,481564.0,473849.28,7714.71875
3602,565020.0,617924.3,-52904.3125
8772,334250.0,343957.4,-9707.40625
2977,327139.0,304048.66,23090.34375
4426,199506.0,280511.0,-81005.0
2953,238536.0,253792.9,-15256.90625
2136,270285.0,276349.78,-6064.78125
5131,391676.0,417126.62,-25450.625
0,467104.0,490989.88,-23885.875
7076,481529.0,501519.62,-19990.625
6085,227750.0,281146.03,-53396.03125
4009,388149.0,239028.23,149120.765625
8836,162782.0,146358.98,16423.015625
2178,469277.0,379320.66,89956.34375
7924,221245.0,278739.78,-57494.78125
8644,205036.0,236005.34,-30969.34375
8980,236967.0,266770.03,-29803.03125
7882,65502.0,101756.86,-36254.859375
8078,199889.0,226684.48,-26795.484375
8155,220866.0,243302.75,-22436.75
7793,278396.0,387066.88,-108670.875
3999,204712.0,210672.47,-5960.46875
7475,249396.0,379418.22,-130022.21875
6746,173511.0,145854.64,27656.359375
5330,405258.0,278015.25,127242.75
2673,557973.0,489122.22,68850.78125
1040,163465.0,152002.02,11462.984375
4680,266331.0,293044.84,-26713.84375
5635,437744.0,472986.1,-35242.09375
368,402592.0,390786.5,11805.5
8410,281376.0,278500.78,2875.21875
7566,118547.0,132151.33,-13604.328125
5247,207746.0,183465.98,24280.015625
7126,401767.0,388014.1,13752.90625
140,374551.0,372654.38,1896.625
3016,295846.0,279217.56,16628.4375
5661,475056.0,493334.25,-18278.25
2848,250511.0,234214.36,16296.640625
8161,303968.0,327461.4,-23493.40625
7563,345380.0,406549.38,-61169.375
6672,329139.0,377999.38,-48860.375
8024,515650.0,443480.88,72169.125
3952,201556.0,190225.48,11330.515625
1994,198712.0,209745.67,-11033.671875
5129,658801.0,598346.3,60454.6875
9122,149284.0,123213.016,26070.984375
3191,194195.0,195879.02,-1684.015625
811,240348.0,242940.84,-2592.84375
7781,325116.0,292682.7,32433.3125
5284,184050.0,173467.05,10582.953125
6005,180774.0,153658.47,27115.53125
6445,277540.0,302173.0,-24633.0
1631,506300.0,429245.22,77054.78125
3342,181340.0,239456.34,-58116.34375
7632,379014.0,410037.03,-31023.03125
5801,735774.0,635107.3,100666.6875
5177,226390.0,200380.94,26009.0625
1468,272515.0,223015.4,49499.59375
658,212533.0,219775.03,-7242.03125
3366,319554.0,359424.06,-39870.0625
7896,618187.0,469899.28,148287.71875
6557,411115.0,391139.94,19975.0625
4402,513054.0,542777.4,-29723.375
1426,486314.0,533420.06,-47106.0625
7129,383393.0,372855.75,10537.25
7817,189174.0,290338.78,-101164.78125
3264,198030.0,229717.8,-31687.796875
6729,442494.0,356675.06,85818.9375
8645,207226.0,291726.34,-84500.34375
8254,334776.0,313689.16,21086.84375
6871,276820.0,292218.8,-15398.8125
5933,388302.0,422928.16,-34626.15625
8917,194212.0,195650.28,-1438.28125
2479,227544.0,247083.34,-19539.34375
6998,538518.0,449959.78,88558.21875
3426,260989.0,280968.34,-19979.34375
3630,110890.0,203040.05,-92150.046875
2865,350005.0,308455.9,41549.09375
588,101082.0,123774.02,-22692.0234375
1016,287129.0,306365.84,-19236.84375
564,228276.0,262642.56,-34366.5625
3084,280786.0,333008.9,-52222.90625
1806,247422.0,347370.53,-99948.53125
7813,354791.0,359770.1,-4979.09375
1714,150396.0,180710.27,-30314.265625
7098,284748.0,309358.66,-24610.65625
8094,329720.0,340634.06,-10914.0625
243,170531.0,187065.56,-16534.5625
4936,271977.0,282002.03,-10025.03125
7042,236964.0,292086.38,-55122.375
5975,231008.0,181744.53,49263.46875
4290,341048.0,419073.06,-78025.0625
972,486517.0,410109.62,76407.375
8736,211959.0,198298.23,13660.765625
7948,223855.0,214827.61,9027.390625
3651,381136.0,398333.1,-17197.09375
7484,212349.0,312233.7,-99884.6875
7375,798186.0,687014.44,111171.5625
4390,528169.0,389477.6,138691.40625
8395,155962.0,161855.33,-5893.328125
795,780735.0,700399.75,80335.25
2037,417762.0,418112.0,-350.0
2273,199897.0,149945.78,49951.21875
5905,146992.0,142306.2,4685.796875
8268,235667.0,221841.06,13825.9375
5273,378949.0,400244.6,-21295.59375
2462,165006.0,208888.9,-43882.90625
5569,416749.0,346600.9,70148.09375
26,136039.0,127151.04,8887.9609375
7205,389998.0,449794.1,-59796.09375
9308,461440.0,447273.9,14166.09375
2598,625285.0,631893.44,-6608.4375
5582,219118.0,290677.53,-71559.53125
6757,687388.0,726363.4,-38975.375
1188,363521.0,343094.16,20426.84375
3349,392839.0,422186.75,-29347.75
8136,320684.0,384027.47,-63343.46875
8759,402920.0,357787.62,45132.375
8558,236451.0,276331.34,-39880.34375
7467,211398.0,221128.78,-9730.78125
2816,198040.0,227537.81,-29497.8125
6191,153467.0,217167.66,-63700.65625
4439,471005.0,436896.16,34108.84375
5219,345798.0,372817.53,-27019.53125
9305,153008.0,203897.28,-50889.28125
2652,157807.0,161957.19,-4150.1875
4206,773856.0,556797.2,217058.8125
3702,200679.0,202117.56,-1438.5625
5046,431973.0,382538.78,49434.21875
5385,111775.0,127281.11,-15506.109375
7001,463281.0,461342.25,1938.75
4847,311234.0,250544.39,60689.609375
8814,377268.0,357105.9,20162.09375
3936,133646.0,175931.34,-42285.34375
5047,326401.0,291444.2,34956.8125
1055,186550.0,184426.64,2123.359375
808,388830.0,390923.16,-2093.15625
6778,384621.0,402092.56,-17471.5625
4579,202441.0,188146.31,14294.6875
7142,413022.0,376354.28,36667.71875
3539,402802.0,303936.8,98865.1875
6143,396398.0,513461.97,-117063.96875
5687,360551.0,429542.75,-68991.75
7015,207375.0,233719.36,-26344.359375
3724,215315.0,234892.56,-19577.5625
3967,137095.0,131865.4,5229.59375
4596,56172.0,126375.63,-70203.6328125
3629,416762.0,461785.8,-45023.8125
683,382661.0,374329.3,8331.6875
3594,275386.0,330946.28,-55560.28125
3813,277994.0,286464.72,-8470.71875
1152,257472.0,265295.3,-7823.3125
5152,398093.0,361650.78,36442.21875
72,452239.0,308911.72,143327.28125
1019,291877.0,313839.12,-21962.125
2041,91705.0,100038.11,-8333.109375
6686,432368.0,455576.78,-23208.78125
5351,498063.0,530791.2,-32728.1875
8146,280772.0,257186.25,23585.75
1861,208742.0,206527.0,2215.0
7744,168643.0,190715.84,-22072.84375
2681,730579.0,602581.7,127997.3125
7445,596759.0,546954.7,49804.3125
2985,520316.0,478480.78,41835.21875
2391,494138.0,587522.5,-93384.5
8,668514.0,537788.8,130725.1875
6389,319747.0,331282.5,-11535.5
925,303196.0,254772.77,48423.234375
6870,114060.0,129097.57,-15037.5703125
6502,230918.0,264434.53,-33516.53125
9221,343592.0,300758.8,42833.1875
6062,126609.0,145088.3,-18479.296875
3833,132837.0,150708.58,-17871.578125
3664,383764.0,347957.16,35806.84375
5531,416346.0,435037.8,-18691.8125
1826,398772.0,411584.03,-12812.03125
6756,345294.0,337383.6,7910.40625
8822,206614.0,192097.33,14516.671875
4386,159485.0,127704.14,31780.859375
7641,265188.0,242849.58,22338.421875
6096,182138.0,168990.78,13147.21875
909,238586.0,265757.5,-27171.5
1586,393250.0,346338.62,46911.375
2993,407045.0,422418.94,-15373.9375
2832,472783.0,535679.8,-62896.8125
8823,299558.0,307532.16,-7974.15625
1008,325351.0,322793.8,2557.1875
2143,350803.0,361917.84,-11114.84375
1537,360410.0,313726.28,46683.71875
6913,354276.0,324653.7,29622.3125
4958,355159.0,346091.53,9067.46875
108,263941.0,263649.78,291.21875
245,287331.0,248868.6,38462.40625
3151,448053.0,534212.5,-86159.5
5859,283261.0,342392.47,-59131.46875
2043,379893.0,308209.9,71683.09375
3215,309376.0,345789.16,-36413.15625
4305,302009.0,361731.6,-59722.59375
8934,159281.0,138435.66,20845.34375
1864,200316.0,177781.3,22534.703125
2169,259784.0,237389.75,22394.25
6247,500242.0,488160.4,12081.59375
3239,366136.0,317925.66,48210.34375
8764,121061.0,148591.62,-27530.625
2393,164882.0,137481.55,27400.453125
7870,215492.0,251651.7,-36159.703125
7292,221947.0,266857.9,-44910.90625
8550,230597.0,196865.2,33731.796875
6163,312120.0,321887.16,-9767.15625
420,362261.0,373523.6,-11262.59375
434,301279.0,289554.25,11724.75
1380,542848.0,649203.44,-106355.4375
8344,386624.0,354169.4,32454.59375
5638,201473.0,217325.94,-15852.9375
5004,348539.0,480065.3,-131526.3125
4555,319500.0,316019.97,3480.03125
380,338185.0,358006.5,-19821.5
4927,399029.0,400559.22,-1530.21875
629,118748.0,123417.945,-4669.9453125
4443,140205.0,151234.16,-11029.15625
966,401746.0,462538.8,-60792.8125
3634,270096.0,322814.56,-52718.5625
9264,375209.0,429118.47,-53909.46875
6347,406998.0,417829.3,-10831.3125
599,463869.0,436594.97,27274.03125
728,353496.0,330454.84,23041.15625
5707,85556.0,105746.58,-20190.578125
8863,436113.0,417383.06,18729.9375
6277,297952.0,301117.88,-3165.875
3119,303782.0,295058.16,8723.84375
2540,344958.0,325189.72,19768.28125
3542,143019.0,150763.23,-7744.234375
3788,407873.0,497679.97,-89806.96875
279,737865.0,715056.3,22808.6875
3772,178691.0,158000.66,20690.34375
4144,342416.0,371712.38,-29296.375
7338,719546.0,653697.0,65849.0
2124,351335.0,306839.28,44495.71875
403,681572.0,632540.4,49031.625
4323,403647.0,349352.53,54294.46875
1710,216974.0,214527.22,2446.78125
8362,394503.0,412591.75,-18088.75
6691,341842.0,343897.72,-2055.71875
2616,209213.0,195725.78,13487.21875
5977,638589.0,630779.3,7809.6875
9042,357532.0,406590.53,-49058.53125
8512,391674.0,396286.34,-4612.34375
5693,120336.0,166213.3,-45877.296875
5420,411573.0,478038.16,-66465.15625
2171,439433.0,418751.38,20681.625
1777,386623.0,464403.88,-77780.875
2882,528711.0,430324.7,98386.3125
1547,318384.0,373565.88,-55181.875
8284,558550.0,459947.88,98602.125
657,201835.0,246929.31,-45094.3125
1971,269645.0,269837.94,-192.9375
1693,231565.0,265992.44,-34427.4375
116,345938.0,354323.5,-8385.5
3000,320444.0,328615.78,-8171.78125
6328,192882.0,235378.28,-42496.28125
8656,549960.0,487860.84,62099.15625
2319,286875.0,433979.12,-147104.125
2559,60793.0,217699.25,-156906.25
6456,145456.0,145560.3,-104.296875
2744,176913.0,195265.03,-18352.03125
7252,178993.0,213792.06,-34799.0625
2597,138285.0,160341.05,-22056.046875
1499,190419.0,153169.89,37249.109375
7696,332557.0,330828.2,1728.8125
6184,311150.0,342952.16,-31802.15625
2852,280470.0,252724.38,27745.625
5845,232550.0,237052.05,-4502.046875
6623,316274.0,303368.53,12905.46875
1249,225329.0,207750.75,17578.25
5341,270729.0,291052.2,-20323.1875
7165,426499.0,398603.2,27895.8125
4092,219705.0,296239.9,-76534.90625
4689,422040.0,521467.78,-99427.78125
7293,485469.0,396715.66,88753.34375
6135,495244.0,494486.75,757.25
984,568964.0,552075.4,16888.625
364,459141.0,448817.9,10323.09375
3828,250236.0,288343.25,-38107.25
975,213492.0,311205.94,-97713.9375
8943,167025.0,164924.75,2100.25
1746,271304.0,336165.3,-64861.3125
3718,360311.0,403882.6,-43571.59375
6614,150460.0,140867.05,9592.953125
5710,204644.0,256119.42,-51475.421875
7841,142850.0,165066.97,-22216.96875
8496,244311.0,250456.11,-6145.109375
8238,335576.0,344815.3,-9239.3125
1173,352457.0,397736.7,-45279.6875
2719,353178.0,379493.03,-26315.03125
7230,261947.0,262454.66,-507.65625
2829,529007.0,518945.84,10061.15625
129,177175.0,171731.7,5443.296875
6457,364325.0,506239.8,-141914.8125
1184,233721.0,233255.98,465.015625
3470,474376.0,477635.56,-3259.5625
1784,357381.0,373328.28,-15947.28125
4214,148982.0,132409.86,16572.140625
2410,407069.0,405613.47,1455.53125
5389,550566.0,416939.56,133626.4375
6519,125899.0,137957.94,-12058.9375
6043,730244.0,579107.4,151136.625
3690,230241.0,293626.1,-63385.09375
9074,337396.0,432152.56,-94756.5625
4820,224280.0,239563.19,-15283.1875
797,279699.0,266972.47,12726.53125
905,342396.0,322716.44,19679.5625
8669,357678.0,348064.06,9613.9375
1843,198968.0,187080.6,11887.40625
7365,481563.0,430735.28,50827.71875
5393,85889.0,92975.22,-7086.21875
5207,366586.0,355307.2,11278.8125
2114,643097.0,526018.5,117078.5
6418,404844.0,340963.78,63880.21875
7790,390449.0,423904.06,-33455.0625
8982,661529.0,556991.4,104537.625
2278,479226.0,475390.1,3835.90625
1435,553502.0,705174.06,-151672.0625
2569,286090.0,310758.75,-24668.75
5221,364143.0,353760.03,10382.96875
6685,179960.0,180673.4,-713.40625
240,587456.0,605604.56,-18148.5625
1490,188364.0,295481.38,-107117.375
5995,131732.0,170494.28,-38762.28125
1126,922801.0,700108.0,222693.0
1098,373321.0,298427.66,74893.34375
1829,248623.0,210141.9,38481.09375
1574,175444.0,226955.33,-51511.328125
2170,155069.0,198417.48,-43348.484375
5579,341874.0,684489.2,-342615.1875
210,432523.0,438197.03,-5674.03125
1195,412060.0,433079.75,-21019.75
4228,412839.0,512250.88,-99411.875
6106,383631.0,378240.25,5390.75
6183,435510.0,479562.56,-44052.5625
5754,267894.0,307963.25,-40069.25
9208,49739.0,118067.586,-68328.5859375
4406,240157.0,211803.88,28353.125
1276,299222.0,247233.75,51988.25
6000,207326.0,266222.53,-58896.53125
3591,131761.0,104242.14,27518.859375
9052,240158.0,286972.03,-46814.03125
8455,284310.0,322604.3,-38294.3125
2688,651046.0,633762.44,17283.5625
6564,150603.0,152899.69,-2296.6875
8681,245641.0,222778.81,22862.1875
1123,157052.0,199078.88,-42026.875
3376,436407.0,407172.72,29234.28125
760,475231.0,476067.97,-836.96875
908,154844.0,151958.48,2885.515625
992,315351.0,269721.88,45629.125
8737,743961.0,716630.9,27330.125
1961,780841.0,777074.4,3766.625
613,165160.0,163145.84,2014.15625
1278,537270.0,490205.12,47064.875
7680,700299.0,678995.9,21303.125
7123,159496.0,132772.97,26723.03125
3275,318841.0,350173.3,-31332.3125
4698,294458.0,306865.38,-12407.375
1981,229852.0,244528.8,-14676.796875
5182,499732.0,439647.03,60084.96875
1093,532600.0,496134.4,36465.59375
9346,499416.0,410617.22,88798.78125
8782,300796.0,297397.3,3398.6875
1099,270231.0,267637.22,2593.78125
3253,447487.0,482799.84,-35312.84375
3962,203923.0,182075.4,21847.59375
7296,555747.0,394738.3,161008.6875
2349,79122.0,62513.03,16608.96875
5068,166325.0,170869.72,-4544.71875
7437,331502.0,309430.5,22071.5
2266,320879.0,306241.47,14637.53125
2329,194247.0,202555.9,-8308.90625
1437,446552.0,380296.94,66255.0625
2154,59995.0,118395.67,-58400.671875
7816,346425.0,306985.12,39439.875
4094,153417.0,156959.97,-3542.96875
756,320349.0,435263.22,-114914.21875
7802,150178.0,182774.97,-32596.96875
5855,324440.0,401352.4,-76912.40625
2519,175076.0,169609.42,5466.578125
1526,245181.0,226568.69,18612.3125
441,567115.0,528774.5,38340.5
1441,123782.0,142576.4,-18794.40625
2345,780228.0,773537.6,6690.375
5175,174627.0,164373.14,10253.859375
1422,177564.0,218685.8,-41121.796875
3639,260115.0,255044.66,5070.34375
1716,226411.0,292500.6,-66089.59375
8364,227050.0,293541.94,-66491.9375
8535,481869.0,477097.8,4771.1875
4330,149556.0,113923.35,35632.6484375
5113,361130.0,360972.78,157.21875
3402,276981.0,285030.7,-8049.6875
5718,184534.0,295506.56,-110972.5625
4052,179760.0,194705.08,-14945.078125
5105,75835.0,138127.9,-62292.90625
3266,88516.0,100055.29,-11539.2890625
5660,322435.0,282213.28,40221.71875
5452,236634.0,240205.81,-3571.8125
2596,227187.0,241442.39,-14255.390625
6631,423639.0,433856.2,-10217.1875
2589,500633.0,511558.62,-10925.625
5752,439802.0,437861.2,1940.8125
8481,155542.0,164164.4,-8622.40625
2464,722874.0,707904.75,14969.25
4771,185405.0,183145.05,2259.953125
152,184231.0,197545.94,-13314.9375
686,301448.0,309212.8,-7764.8125
7198,603424.0,564956.9,38467.125
4062,259444.0,310076.28,-50632.28125
3678,480190.0,558665.94,-78475.9375
4481,233747.0,204749.64,28997.359375
7919,311363.0,253198.52,58164.484375
2233,403750.0,401792.38,1957.625
3754,265330.0,270038.62,-4708.625
8196,139233.0,200210.86,-60977.859375
7386,156896.0,192350.73,-35454.734375
8530,171938.0,203299.16,-31361.15625
4644,262937.0,324923.38,-61986.375
6398,132856.0,76354.45,56501.546875
6958,276317.0,301451.66,-25134.65625
1120,254603.0,257031.77,-2428.765625
1877,161622.0,172870.22,-11248.21875
2999,247052.0,229058.67,17993.328125
5547,348326.0,380053.44,-31727.4375
3909,150686.0,158229.94,-7543.9375
1929,455664.0,469957.3,-14293.3125
1033,628569.0,586601.8,41967.1875
2267,634519.0,564585.3,69933.6875
3129,130966.0,168728.52,-37762.515625
492,687596.0,726992.4,-39396.375
4292,377953.0,302683.28,75269.71875
9345,461483.0,474540.56,-13057.5625
6256,130154.0,133297.3,-3143.296875
2163,297471.0,314275.66,-16804.65625
7011,174584.0,150835.33,23748.671875
1670,454856.0,342598.16,112257.84375
7319,254138.0,249683.66,4454.34375
6524,295150.0,301173.78,-6023.78125
5888,313578.0,514812.2,-201234.1875
7718,250957.0,267769.6,-16812.59375
5104,223289.0,236202.6,-12913.59375
9204,265439.0,231392.61,34046.390625
191,244318.0,242966.77,1351.234375
3521,212884.0,234148.3,-21264.296875
1700,486093.0,458423.25,27669.75
6758,343223.0,339331.0,3892.0
6300,499695.0,354460.44,145234.5625
3141,590694.0,574015.9,16678.125
4281,190822.0,187312.88,3509.125
3258,285795.0,321910.3,-36115.3125
5,281262.0,236123.03,45138.96875
177,700232.0,611238.06,88993.9375
818,338527.0,297722.94,40804.0625
2514,655517.0,657389.06,-1872.0625
3610,232454.0,230940.02,1513.984375
6344,239861.0,265127.1,-25266.09375
3317,186374.0,217050.33,-30676.328125
2755,256351.0,224257.3,32093.703125
9224,488449.0,447305.56,41143.4375
2810,153420.0,168987.7,-15567.703125
5802,295516.0,265482.38,30033.625
7479,230532.0,267202.0,-36670.0
1544,259491.0,356444.4,-96953.40625
951,461733.0,350306.06,111426.9375
3892,493626.0,436517.12,57108.875
7108,330493.0,314005.12,16487.875
6537,240403.0,184874.34,55528.65625
4115,398754.0,379228.66,19525.34375
1061,418606.0,449829.28,-31223.28125
4261,457018.0,467196.97,-10178.96875
6960,194671.0,208659.2,-13988.203125
8406,368462.0,401103.2,-32641.1875
1440,329680.0,315614.84,14065.15625
5386,504803.0,454112.7,50690.3125
9265,260135.0,262394.4,-2259.40625
4308,269438.0,207625.11,61812.890625
8941,247271.0,248619.14,-1348.140625
8800,355313.0,338665.1,16647.90625
2841,374848.0,379296.75,-4448.75
9229,481399.0,498067.44,-16668.4375
3981,191152.0,374953.72,-183801.71875
8784,276172.0,317410.7,-41238.6875
3619,410165.0,406887.53,3277.46875
2235,193723.0,177461.94,16261.0625
5854,210100.0,207377.61,2722.390625
5107,474415.0,409959.4,64455.59375
2208,438801.0,371741.22,67059.78125
1445,309935.0,376853.12,-66918.125
3117,417683.0,396911.94,20771.0625
144,611396.0,500712.1,110683.90625
7508,301116.0,335080.84,-33964.84375
2436,176451.0,214825.89,-38374.890625
2450,407944.0,405054.16,2889.84375
4347,463082.0,576513.8,-113431.8125
7868,329107.0,337393.28,-8286.28125
8270,234735.0,264312.97,-29577.96875
33,460453.0,469500.75,-9047.75
3133,438110.0,373274.75,64835.25
3671,400366.0,329859.94,70506.0625
2406,121634.0,164897.52,-43263.515625
83,302876.0,644183.44,-341307.4375
6093,192517.0,196843.44,-4326.4375
782,392465.0,319108.34,73356.65625
3932,460004.0,405457.2,54546.8125
5075,234211.0,236738.33,-2527.328125
6500,149505.0,143217.03,6287.96875
4460,204277.0,191821.12,12455.875
2912,274719.0,280408.97,-5689.96875
5677,522656.0,500524.16,22131.84375
4289,234435.0,308441.2,-74006.1875
2153,550826.0,468862.06,81963.9375
8592,166384.0,158309.53,8074.46875
3457,169589.0,192293.89,-22704.890625
576,158728.0,165411.58,-6683.578125
858,167754.0,220890.1,-53136.09375
6303,404761.0,382001.3,22759.6875
580,159947.0,196991.52,-37044.515625
6037,504244.0,422819.25,81424.75
1565,314419.0,420456.22,-106037.21875
5719,694397.0,692513.5,1883.5
6078,323349.0,346023.22,-22674.21875
7383,365487.0,294260.03,71226.96875
7029,357821.0,245245.62,112575.375
7149,276855.0,304724.75,-27869.75
6566,259734.0,295882.75,-36148.75
2710,416757.0,407506.03,9250.96875
2771,117976.0,156921.7,-38945.703125
8854,277709.0,642163.06,-364454.0625
1371,373818.0,327876.25,45941.75
7768,281874.0,261520.33,20353.671875
6039,254454.0,209957.06,44496.9375
7663,166629.0,169602.25,-2973.25
5931,208750.0,142853.83,65896.171875
834,300727.0,221814.53,78912.46875
8803,507668.0,429151.4,78516.59375
4164,254392.0,276555.56,-22163.5625
6035,299097.0,326527.4,-27430.40625
291,112659.0,143751.8,-31092.796875
5766,131098.0,209826.75,-78728.75
6152,252214.0,227218.39,24995.609375
28,398658.0,426532.1,-27874.09375
4437,316976.0,336505.88,-19529.875
7633,623387.0,592877.9,30509.125
3644,354040.0,345312.53,8727.46875
5542,292783.0,305943.84,-13160.84375
2631,127393.0,107222.81,20170.1875
5526,217215.0,268708.72,-51493.71875
1053,211021.0,211568.1,-547.09375
1891,248253.0,290031.84,-41778.84375
454,388885.0,305036.66,83848.34375
1936,92348.0,123812.555,-31464.5546875
892,319875.0,316930.34,2944.65625
5728,157577.0,146151.14,11425.859375
8439,640875.0,709988.7,-69113.6875
3303,616776.0,525115.1,91660.875
4309,191775.0,238124.03,-46349.03125
2105,329418.0,328438.16,979.84375
8924,103110.0,110215.08,-7105.078125
3145,582360.0,583284.4,-924.375
8130,499195.0,556935.4,-57740.375
9056,215429.0,259064.67,-43635.671875
2984,305186.0,247804.1,57381.90625
2647,372860.0,357743.0,15117.0
1428,288531.0,307022.8,-18491.8125
3250,468663.0,433116.03,35546.96875
648,547702.0,440762.4,106939.59375
3655,632612.0,498276.78,134335.21875
3382,596152.0,572170.8,23981.1875
600,313714.0,328085.8,-14371.8125
9183,288013.0,271408.47,16604.53125
3677,530666.0,488176.5,42489.5
7476,166658.0,196924.75,-30266.75
6533,523297.0,498616.22,24680.78125
1737,636597.0,511422.44,125174.5625
4882,253070.0,243343.84,9726.15625
56,284802.0,401480.7,-116678.6875
1570,281448.0,288631.25,-7183.25
5048,175240.0,189121.66,-13881.65625
7403,210618.0,209242.95,1375.046875
2258,498379.0,414739.56,83639.4375
8326,230260.0,209386.94,20873.0625
8378,212598.0,223878.78,-11280.78125
5453,353332.0,274129.12,79202.875
9295,356203.0,289225.38,66977.625
2272,658958.0,637369.94,21588.0625
2622,563468.0,559156.44,4311.5625
4814,311535.0,379845.3,-68310.3125
2340,134479.0,126197.414,8281.5859375
4203,496920.0,449537.62,47382.375
792,391836.0,415637.22,-23801.21875
6266,221938.0,142020.86,79917.140625
6443,124370.0,116974.33,7395.671875
3505,508437.0,420182.6,88254.40625
9280,442760.0,467887.72,-25127.71875
1389,287321.0,237933.6,49387.40625
3565,132693.0,131133.28,1559.71875
8746,139956.0,169262.97,-29306.96875
3654,379868.0,339150.62,40717.375
6235,326296.0,294671.5,31624.5
1294,185818.0,198472.33,-12654.328125
4158,201765.0,209593.28,-7828.28125
715,253321.0,235047.3,18273.703125
8503,277516.0,274580.44,2935.5625
611,219984.0,179920.52,40063.484375
6986,323183.0,335514.7,-12331.6875
8596,411178.0,367316.2,43861.8125
587,154740.0,173483.11,-18743.109375
2516,389674.0,346571.34,43102.65625
5984,236252.0,220997.77,15254.234375
6211,102753.0,125619.69,-22866.6875
7031,521874.0,559390.3,-37516.3125
3052,366420.0,408644.9,-42224.90625
4766,410236.0,356996.62,53239.375
1170,190090.0,156081.56,34008.4375
6437,259187.0,280696.94,-21509.9375
6011,861344.0,634059.6,227284.375
5790,281469.0,273589.6,7879.40625
3257,192529.0,204738.28,-12209.28125
8887,200986.0,227424.62,-26438.625
4819,420765.0,411463.7,9301.3125
2316,235518.0,247422.39,-11904.390625
7956,590703.0,628943.1,-38240.125
4379,349143.0,304819.16,44323.84375
1973,146919.0,101395.41,45523.59375
7539,635852.0,676320.06,-40468.0625
5314,274589.0,251382.3,23206.703125
111,398270.0,410422.03,-12152.03125
2926,223023.0,230128.81,-7105.8125
6387,321414.0,381072.56,-59658.5625
5017,374419.0,293139.38,81279.625
7122,363183.0,350998.3,12184.6875
2901,166157.0,177973.27,-11816.265625
1012,345150.0,379023.47,-33873.46875
561,291982.0,193372.03,98609.96875
883,269670.0,339954.56,-70284.5625
6376,181307.0,241911.89,-60604.890625
1418,223817.0,206636.84,17180.15625
4938,124618.0,126932.914,-2314.9140625
8205,421984.0,343255.62,78728.375
37,371947.0,462377.28,-90430.28125
2069,271992.0,302631.75,-30639.75
6550,304179.0,295529.03,8649.96875
4413,200092.0,160428.45,39663.546875
2445,440161.0,436198.8,3962.1875
5402,398827.0,384835.62,13991.375
2185,451636.0,399961.28,51674.71875
5637,184015.0,212199.81,-28184.8125
7524,458918.0,503799.78,-44881.78125
2377,354600.0,343739.94,10860.0625
7904,267314.0,297764.1,-30450.09375
1561,371062.0,374495.88,-3433.875
6641,59425.0,142881.0,-83456.0
1698,240453.0,227199.12,13253.875
8798,450328.0,445658.66,4669.34375
3377,254717.0,291414.94,-36697.9375
1866,346040.0,378886.62,-32846.625
7884,179338.0,169965.17,9372.828125
370,283874.0,282664.44,1209.5625
801,264582.0,328758.9,-64176.90625
5702,255355.0,234544.44,20810.5625
8599,580391.0,562532.44,17858.5625
7668,451494.0,473516.5,-22022.5
2071,327359.0,366886.9,-39527.90625
3570,559230.0,545411.94,13818.0625
5050,211753.0,245074.34,-33321.34375
1847,233220.0,218880.27,14339.734375
4764,344701.0,313172.66,31528.34375
9333,603915.0,544973.3,58941.6875
7084,415100.0,408710.9,6389.09375
543,321512.0,378048.7,-56536.6875
9353,257663.0,348521.6,-90858.59375
2325,244736.0,229540.11,15195.890625
9255,396893.0,420463.47,-23570.46875
1545,173509.0,160459.86,13049.140625
9021,211373.0,278354.53,-66981.53125
7732,422439.0,407309.22,15129.78125
208,256558.0,285107.25,-28549.25
8032,229489.0,224648.75,4840.25
2751,151006.0,148351.7,2654.296875
2346,236319.0,233859.5,2459.5
4923,267466.0,283820.06,-16354.0625
8361,318680.0,291583.03,27096.96875
445,239839.0,326992.94,-87153.9375
2915,195657.0,218861.1,-23204.09375
8340,162680.0,136388.66,26291.34375
1798,525163.0,606698.2,-81535.1875
4155,267426.0,290491.9,-23065.90625
4641,421186.0,408871.44,12314.5625
5788,480437.0,533258.25,-52821.25
6964,429710.0,440320.4,-10610.40625
1558,341742.0,272904.53,68837.46875
2854,361413.0,280706.84,80706.15625
4174,410740.0,386266.97,24473.03125
2452,437477.0,302506.34,134970.65625
6421,318699.0,296345.7,22353.3125
6893,260817.0,261339.02,-522.015625
852,142060.0,224637.08,-82577.078125
77,190191.0,205560.6,-15369.59375
6412,281779.0,331035.16,-49256.15625
5108,537024.0,440119.62,96904.375
8614,200920.0,216109.31,-15189.3125
2800,370913.0,406615.4,-35702.40625
7970,253622.0,244181.03,9440.96875
5724,347847.0,401167.03,-53320.03125
1501,517086.0,551609.94,-34523.9375
3205,86334.0,178880.72,-92546.71875
8141,628015.0,626647.6,1367.375
7387,543095.0,585260.8,-42165.8125
4248,116740.0,128563.19,-11823.1875
6284,398226.0,306159.44,92066.5625
3703,407826.0,383838.66,23987.34375
6697,271120.0,277712.56,-6592.5625
651,228971.0,206087.7,22883.296875
1217,143243.0,136579.56,6663.4375
2399,260498.0,270004.34,-9506.34375
6153,448349.0,413684.9,34664.09375
5722,383738.0,406792.84,-23054.84375
4743,124884.0,114549.88,10334.1171875
6917,303977.0,328260.94,-24283.9375
4964,157123.0,208219.0,-51096.0
787,224451.0,256125.61,-31674.609375
4058,351362.0,318932.2,32429.8125
394,114698.0,103869.19,10828.8125
8151,433665.0,506438.22,-72773.21875
7505,306733.0,298749.88,7983.125
4001,298697.0,298661.2,35.8125
4525,381277.0,406165.56,-24888.5625
6313,464318.0,544718.94,-80400.9375
6595,278171.0,296548.78,-18377.78125
143,407471.0,305526.03,101944.96875
2495,226268.0,208322.1,17945.90625
2478,251573.0,333406.94,-81833.9375
8301,549557.0,482642.16,66914.84375
6979,416968.0,489864.9,-72896.90625
7397,274332.0,300123.78,-25791.78125
4748,151838.0,166050.3,-14212.296875
3799,107219.0,130620.945,-23401.9453125
8004,210850.0,226183.6,-15333.59375
6558,164041.0,193023.1,-28982.09375
7945,510100.0,484538.28,25561.71875
7820,298098.0,347845.66,-49747.65625
4456,344451.0,318869.38,25581.625
244,499116.0,452575.84,46540.15625
3719,247176.0,222231.9,24944.09375
2232,270492.0,303533.7,-33041.6875
1438,380698.0,293537.4,87160.59375
8563,200338.0,194938.17,5399.828125
3725,226143.0,249887.83,-23744.828125
1350,159992.0,186094.94,-26102.9375
6977,463119.0,465819.22,-2700.21875
5392,340120.0,320360.28,19759.71875
7585,316137.0,336566.34,-20429.34375
3959,184709.0,123863.664,60845.3359375
785,151955.0,169784.83,-17829.828125
6194,341659.0,366395.84,-24736.84375
6168,368058.0,270265.62,97792.375
4121,430761.0,652212.25,-221451.25
1052,279833.0,271517.22,8315.78125
5759,465926.0,410118.5,55807.5
7297,494131.0,490731.4,3399.59375
739,211356.0,266834.7,-55478.6875
1392,243839.0,216144.98,27694.015625
6231,209449.0,237348.25,-27899.25
6251,370159.0,361054.47,9104.53125
7545,351582.0,362449.8,-10867.8125
6927,352508.0,406085.44,-53577.4375
5800,768053.0,716150.8,51902.1875
275,628382.0,532206.7,96175.3125
6254,406340.0,411423.66,-5083.65625
8128,333115.0,335161.56,-2046.5625
266,228263.0,238568.16,-10305.15625
9098,157376.0,184276.38,-26900.375
8740,426866.0,438391.16,-11525.15625
4446,340607.0,339539.75,1067.25
6793,288925.0,347541.44,-58616.4375
7189,400986.0,462140.28,-61154.28125
3913,255738.0,272510.56,-16772.5625
2778,188997.0,222920.28,-33923.28125
7783,275078.0,215128.11,59949.890625
4553,204508.0,323600.5,-119092.5
4549,560249.0,557800.0,2449.0
990,121970.0,228290.83,-106320.828125
6635,278956.0,308324.6,-29368.59375
8998,508215.0,483125.03,25089.96875
4900,307057.0,305228.78,1828.21875
5337,89789.0,88581.516,1207.484375
1403,289529.0,288386.84,1142.15625
6033,340347.0,301381.72,38965.28125
714,236461.0,186198.55,50262.453125
5915,214676.0,196730.66,17945.34375
7269,651662.0,528456.06,123205.9375
7513,910542.0,560745.56,349796.4375
8303,273346.0,271902.16,1443.84375
1681,585534.0,590095.7,-4561.6875
3928,163996.0,170506.92,-6510.921875
7829,286582.0,254254.1,32327.90625
2327,508554.0,508225.25,328.75
3964,120535.0,135399.02,-14864.015625
1364,290128.0,269476.75,20651.25
1362,246385.0,201978.08,44406.921875
8591,205328.0,295632.4,-90304.40625
3533,298747.0,280392.4,18354.59375
1017,192893.0,215445.17,-22552.171875
7385,321919.0,335930.12,-14011.125
5140,166783.0,151859.44,14923.5625
7656,223351.0,222806.83,544.171875
2743,232200.0,226314.94,5885.0625
8626,91936.0,82527.28,9408.71875
5841,168257.0,259932.4,-91675.40625
4061,230504.0,198807.33,31696.671875
6827,431288.0,330879.47,100408.53125
5743,168989.0,190134.27,-21145.265625
921,411760.0,418275.9,-6515.90625
363,203800.0,202934.58,865.421875
927,131840.0,123222.72,8617.28125
3576,585598.0,533520.4,52077.625
6599,369731.0,455467.3,-85736.3125
7901,207990.0,233276.14,-25286.140625
6120,388179.0,391213.28,-3034.28125
6079,299276.0,314961.97,-15685.96875
2757,150556.0,167744.5,-17188.5
4883,434583.0,497598.4,-63015.40625
5954,140378.0,178411.4,-38033.40625
5510,95670.0,182948.12,-87278.125
1924,480041.0,379256.84,100784.15625
5204,434339.0,458017.06,-23678.0625
6904,510461.0,481937.6,28523.40625
2735,249276.0,268304.88,-19028.875
1895,383638.0,418862.03,-35224.03125
8495,486347.0,559964.75,-73617.75
3439,511425.0,438051.5,73373.5
8440,254603.0,258839.84,-4236.84375
5993,261567.0,276522.44,-14955.4375
859,288415.0,277432.62,10982.375
3848,120969.0,102167.77,18801.2265625
4513,255666.0,231637.45,24028.546875
1992,177245.0,222562.89,-45317.890625
9115,290336.0,225403.8,64932.203125
2028,608441.0,523963.84,84477.15625
2097,171543.0,186049.08,-14506.078125
7662,300769.0,337560.78,-36791.78125
358,234448.0,281414.9,-46966.90625
8783,133146.0,158024.98,-24878.984375
1745,313290.0,308352.88,4937.125
3224,360488.0,337768.62,22719.375
1470,84137.0,144899.89,-60762.890625
6324,495790.0,600580.3,-104790.3125
4183,395485.0,417064.12,-21579.125
6475,392122.0,397081.16,-4959.15625
9105,389561.0,429118.47,-39557.46875
5744,205114.0,234331.02,-29217.015625
3299,294999.0,294428.72,570.28125
5706,284716.0,288578.3,-3862.3125
6899,317377.0,323612.7,-6235.6875
6447,734344.0,691452.06,42891.9375
5830,319222.0,273355.38,45866.625
2672,438440.0,437114.6,1325.40625
4628,122043.0,128354.34,-6311.34375
2226,110019.0,113985.85,-3966.8515625
9256,454313.0,447358.0,6955.0
3006,340156.0,253270.02,86885.984375
6730,692118.0,589530.3,102587.6875
5740,696683.0,649162.8,47520.1875
4564,582430.0,455039.03,127390.96875
174,395295.0,353338.72,41956.28125
7864,861329.0,690616.2,170712.8125
6146,575757.0,490986.06,84770.9375
7974,167944.0,160204.75,7739.25
1212,394352.0,332021.75,62330.25
5694,318321.0,386148.78,-67827.78125
386,557968.0,485563.88,72404.125
6696,451116.0,305484.16,145631.84375
2123,273559.0,323039.25,-49480.25
7799,543982.0,641780.06,-97798.0625
5720,354541.0,435774.03,-81233.03125
2570,301352.0,303432.84,-2080.84375
2723,205031.0,192553.3,12477.703125
2252,329788.0,383757.5,-53969.5
2781,352505.0,246060.53,106444.46875
1433,300406.0,302506.94,-2100.9375
1980,434482.0,412086.7,22395.3125
9025,155878.0,204342.03,-48464.03125
9247,318103.0,301644.12,16458.875
3827,398988.0,403150.1,-4162.09375
8442,412836.0,420041.53,-7205.53125
6059,257186.0,221876.83,35309.171875
5174,738855.0,606038.25,132816.75
5916,407775.0,450531.22,-42756.21875
8540,242823.0,254103.06,-11280.0625
2398,399975.0,420630.25,-20655.25
1106,394910.0,379359.7,15550.3125
1024,257983.0,274357.62,-16374.625
943,275172.0,263794.2,11377.8125
2245,269846.0,335267.53,-65421.53125
8947,213055.0,242260.67,-29205.671875
1787,229686.0,272345.78,-42659.78125
4220,562240.0,460753.8,101486.1875
8567,434070.0,397880.6,36189.40625
2878,274751.0,248157.0,26594.0
6221,329175.0,314593.62,14581.375
4226,280410.0,300555.75,-20145.75
2786,193285.0,211716.78,-18431.78125
8038,398438.0,356727.4,41710.59375
9023,373176.0,382616.75,-9440.75
9143,548555.0,559936.1,-11381.125
1741,318876.0,323267.1,-4391.09375
7430,319442.0,322069.88,-2627.875
7368,376270.0,367411.62,8858.375
8124,154531.0,185017.7,-30486.703125
4441,202731.0,234874.33,-32143.328125
6552,272492.0,226678.33,45813.671875
622,412226.0,394378.06,17847.9375
9244,247032.0,260702.56,-13670.5625
9079,242257.0,207233.38,35023.625
6948,350265.0,375202.94,-24937.9375
2407,316116.0,369919.22,-53803.21875
7534,381609.0,367816.56,13792.4375
7671,136080.0,146447.08,-10367.078125
6258,386663.0,414440.0,-27777.0
2378,466533.0,481212.44,-14679.4375
2365,573940.0,532588.25,41351.75
5935,273642.0,357009.75,-83367.75
2279,437768.0,486573.06,-48805.0625
1252,234994.0,228761.97,6232.03125
6966,207453.0,253874.08,-46421.078125
2363,319454.0,333528.47,-14074.46875
5583,215603.0,199274.47,16328.53125
3077,374018.0,456063.56,-82045.5625
5058,371879.0,390518.84,-18639.84375
1997,341792.0,331871.1,9920.90625
1705,249919.0,249718.69,200.3125
5643,588934.0,473157.9,115776.09375
1682,542211.0,495638.1,46572.90625
6046,458346.0,430418.12,27927.875
7120,158001.0,204922.31,-46921.3125
2995,362355.0,275954.16,86400.84375
3018,277664.0,278151.25,-487.25
7612,122875.0,106015.93,16859.0703125
3050,248948.0,298483.6,-49535.59375
3832,493105.0,507143.38,-14038.375
4101,405092.0,425487.0,-20395.0
2813,378244.0,484157.66,-105913.65625
359,764017.0,750670.2,13346.8125
8627,306801.0,347668.75,-40867.75
7526,458353.0,554184.75,-95831.75
8825,553844.0,520409.3,33434.6875
765,507722.0,520401.1,-12679.09375
7081,133244.0,156365.66,-23121.65625
3914,238059.0,326388.5,-88329.5
1730,158005.0,183697.66,-25692.65625
7167,236690.0,198972.31,37717.6875
1076,156213.0,157027.7,-814.703125
7967,295986.0,292738.84,3247.15625
3590,292148.0,334511.5,-42363.5
8581,280558.0,336775.06,-56217.0625
3515,498827.0,478204.28,20622.71875
6572,463896.0,433640.9,30255.09375
8686,72769.0,143232.31,-70463.3125
7623,327518.0,348789.62,-21271.625
4246,349127.0,326789.2,22337.8125
1918,223844.0,201524.05,22319.953125
6238,266242.0,321425.53,-55183.53125
259,206618.0,195528.16,11089.84375
4991,260737.0,276435.22,-15698.21875
7900,457261.0,466553.78,-9292.78125
2691,278443.0,227181.22,51261.78125
4696,195514.0,187479.72,8034.28125
6332,340403.0,310816.16,29586.84375
4262,345033.0,356265.0,-11232.0
7953,405702.0,489204.47,-83502.46875
4399,387020.0,396805.88,-9785.875
4983,567810.0,481064.75,86745.25
2210,557910.0,670462.4,-112552.375
204,116307.0,113923.35,2383.6484375
4751,591074.0,572517.4,18556.625
2110,86292.0,102296.38,-16004.3828125
7333,448271.0,413914.97,34356.03125
3516,376394.0,409349.88,-32955.875
375,152490.0,158000.66,-5510.65625
5256,361829.0,274577.28,87251.71875
4822,75753.0,152335.22,-76582.21875
548,334205.0,387634.78,-53429.78125
2653,134745.0,153748.39,-19003.390625
8577,336083.0,346103.2,-10020.1875
6679,357332.0,312172.66,45159.34375
6465,190747.0,172811.19,17935.8125
3011,333004.0,343159.53,-10155.53125
9091,476791.0,593517.5,-116726.5
4119,377281.0,392159.16,-14878.15625
2644,463933.0,604743.94,-140810.9375
8607,205588.0,251171.45,-45583.453125
8510,201341.0,254100.92,-52759.921875
8576,548951.0,466114.03,82836.96875
8807,122960.0,131000.016,-8040.015625
8421,456462.0,404144.56,52317.4375
4505,220723.0,227340.94,-6617.9375
4197,310291.0,308215.3,2075.6875
8808,310084.0,257573.27,52510.734375
6873,189356.0,182371.52,6984.484375
6901,364386.0,352981.72,11404.28125
8864,888893.0,708224.75,180668.25
4570,205361.0,129707.875,75653.125
6392,276116.0,277375.88,-1259.875
5642,499138.0,456784.62,42353.375
6123,317626.0,290268.62,27357.375
5496,252209.0,333061.16,-80852.15625
3547,209769.0,210361.2,-592.203125
76,168516.0,169110.22,-594.21875
3921,384700.0,340212.06,44487.9375
2230,363783.0,363207.38,575.625
4338,308157.0,368104.53,-59947.53125
6867,267366.0,234262.83,33103.171875
6151,206514.0,224793.8,-18279.796875
2474,99472.0,109438.414,-9966.4140625
2734,532699.0,458922.34,73776.65625
1605,162531.0,108487.234,54043.765625
2126,350955.0,377312.3,-26357.3125
4903,176799.0,195079.36,-18280.359375
8250,730063.0,461710.78,268352.21875
3134,160387.0,220863.89,-60476.890625
355,587631.0,509270.53,78360.46875
1796,401401.0,385518.7,15882.3125
7704,120257.0,116309.664,3947.3359375
1049,566232.0,415098.53,151133.46875
3687,486715.0,462886.22,23828.78125
349,501644.0,426488.66,75155.34375
2951,172452.0,263797.0,-91345.0
1471,489968.0,467982.53,21985.46875
7043,94901.0,115817.94,-20916.9375
4637,581468.0,612136.8,-30668.8125
5172,295189.0,228996.97,66192.03125
8562,201803.0,190262.23,11540.765625
8826,324966.0,248949.48,76016.515625
5843,217657.0,277929.38,-60272.375
3031,293216.0,308015.34,-14799.34375
2646,258185.0,393421.56,-135236.5625
4898,600776.0,615123.6,-14347.625
9231,107341.0,228851.52,-121510.515625
7778,179177.0,217756.72,-38579.71875
3587,74019.0,92696.84,-18677.84375
544,550103.0,447424.03,102678.96875
4138,501034.0,473426.25,27607.75
1571,296695.0,334494.75,-37799.75
8900,132880.0,133942.84,-1062.84375
6121,198352.0,338379.75,-140027.75
3993,389880.0,386307.94,3572.0625
8714,438471.0,504680.62,-66209.625
320,153989.0,182153.8,-28164.796875
5761,299958.0,227606.69,72351.3125
7179,199066.0,228818.86,-29752.859375
6442,440149.0,487182.34,-47033.34375
147,624548.0,604381.94,20166.0625
8306,381486.0,293408.25,88077.75
8729,483192.0,432820.66,50371.34375
8523,425121.0,448857.12,-23736.125
9263,211423.0,232757.38,-21334.375
6084,332628.0,372877.9,-40249.90625
1466,189422.0,167115.58,22306.421875
1931,206161.0,289187.0,-83026.0
7089,241994.0,240843.98,1150.015625
6018,384568.0,376198.2,8369.8125
1373,103752.0,82983.3,20768.703125
8027,546744.0,460379.22,86364.78125
8702,294618.0,316861.5,-22243.5
6424,437372.0,409259.25,28112.75
7727,376581.0,341003.75,35577.25
5112,594916.0,656015.9,-61099.875
2213,256116.0,254542.08,1573.921875
7109,398435.0,390253.38,8181.625
1129,312597.0,351563.28,-38966.28125
1662,261145.0,289071.25,-27926.25
3406,282912.0,253142.14,29769.859375
2819,159196.0,195674.19,-36478.1875
512,263497.0,255898.75,7598.25
1790,513609.0,497168.4,16440.59375
6058,177233.0,180101.14,-2868.140625
2387,431215.0,426603.2,4611.8125
8409,105138.0,81460.78,23677.21875
282,451511.0,427796.6,23714.40625
2256,286940.0,326324.4,-39384.40625
8041,333050.0,437589.03,-104539.03125
8118,331704.0,449327.44,-117623.4375
8430,183318.0,171289.47,12028.53125
5006,132057.0,171268.05,-39211.046875
2434,273143.0,292743.6,-19600.59375
8962,289631.0,356634.9,-67003.90625
5871,442308.0,443132.0,-824.0
1665,391892.0,394189.3,-2297.3125
1232,196122.0,190500.67,5621.328125
2024,427139.0,378378.78,48760.21875
444,232649.0,235381.39,-2732.390625
7421,106585.0,201440.67,-94855.671875
3442,197203.0,151000.14,46202.859375
832,387566.0,462669.62,-75103.625
9001,379739.0,361746.84,17992.15625
1457,290601.0,270528.84,20072.15625
6638,361078.0,272731.34,88346.65625
122,476680.0,460543.38,16136.625
8958,560925.0,527744.1,33180.875
4175,314120.0,391962.34,-77842.34375
7963,152882.0,124490.85,28391.1484375
1800,385459.0,434477.03,-49018.03125
6491,253224.0,276708.2,-23484.1875
3747,123586.0,175168.55,-51582.546875
4816,167974.0,119660.97,48313.03125
7085,224174.0,209108.72,15065.28125
2694,83333.0,140823.42,-57490.421875
4826,579359.0,508711.03,70647.96875
235,434614.0,434191.72,422.28125
2047,234703.0,239732.45,-5029.453125
2371,304102.0,287314.03,16787.96875
7804,245738.0,184812.48,60925.515625
389,247852.0,252245.05,-4393.046875
7920,144964.0,130398.42,14565.578125
6330,300980.0,323833.4,-22853.40625
6863,412055.0,387924.25,24130.75
7019,521506.0,502126.47,19379.53125
5249,403168.0,423476.8,-20308.8125
7592,354275.0,393141.5,-38866.5
6354,295134.0,334442.12,-39308.125
8773,366767.0,391379.25,-24612.25
6677,371171.0,450974.4,-79803.40625
2212,443480.0,342397.2,101082.8125
4891,242234.0,249071.03,-6837.03125
2737,141092.0,142558.27,-1466.265625
2764,574341.0,506014.25,68326.75
3221,235272.0,243447.88,-8175.875
499,213902.0,140979.55,72922.453125
3176,255493.0,260169.03,-4676.03125
9283,182409.0,184175.19,-1766.1875
5291,448074.0,450174.8,-2100.8125
7276,195269.0,179409.0,15860.0
357,303113.0,268266.03,34846.96875
8951,599798.0,546987.9,52810.125
6054,244334.0,240676.22,3657.78125
4271,137544.0,157382.56,-19838.5625
5680,440029.0,447647.88,-7618.875
356,295320.0,325109.22,-29789.21875
7842,149868.0,132090.42,17777.578125
8391,466616.0,458762.4,7853.59375
867,239572.0,257039.2,-17467.203125
7268,219135.0,232984.77,-13849.765625
6659,476588.0,397385.34,79202.65625
9225,120654.0,141307.4,-20653.40625
1164,130666.0,150791.84,-20125.84375
4524,460881.0,422945.4,37935.59375
8173,261350.0,279463.56,-18113.5625
8974,117144.0,138665.86,-21521.859375
1813,807914.0,673965.1,133948.875
9053,455130.0,514313.06,-59183.0625
5551,390780.0,412348.9,-21568.90625
4597,245606.0,221826.97,23779.03125
5808,252061.0,249523.66,2537.34375
8228,275173.0,262938.38,12234.625
8662,371818.0,386229.22,-14411.21875
5560,333191.0,361594.53,-28403.53125
6262,188176.0,190370.56,-2194.5625
2119,233661.0,247662.36,-14001.359375
839,498388.0,402675.75,95712.25
8280,109780.0,77351.62,32428.3828125
4258,580955.0,511905.1,69049.90625
3976,539775.0,531044.2,8730.8125
556,218917.0,196869.3,22047.703125
2320,577571.0,601108.9,-23537.875
1765,401050.0,364563.1,36486.90625
5823,617261.0,614038.0,3223.0
1617,138873.0,141402.22,-2529.21875
4674,139387.0,178122.23,-38735.234375
2747,299372.0,280827.94,18544.0625
937,111066.0,140956.17,-29890.171875
7154,1127965.0,814261.25,313703.75
2510,384740.0,410214.0,-25474.0
4131,324603.0,325624.2,-1021.1875
6587,331112.0,390512.6,-59400.59375
5433,590289.0,512811.47,77477.53125
3139,200192.0,217714.16,-17522.15625
6144,173091.0,173681.92,-590.921875
5970,130534.0,117001.01,13532.9921875
5296,533984.0,461681.66,72302.34375
6688,466546.0,453348.2,13197.8125
7986,254207.0,260538.6,-6331.59375
456,261678.0,295243.47,-33565.46875
2058,244661.0,299268.97,-54607.96875
7233,708522.0,679664.44,28857.5625
311,248746.0,204468.27,44277.734375
8994,353655.0,424755.78,-71100.78125
7265,164527.0,113227.26,51299.7421875
3296,243212.0,242165.2,1046.796875
2012,237079.0,276966.62,-39887.625
3212,253047.0,226703.38,26343.625
8595,308611.0,277979.84,30631.15625
9076,191881.0,190009.78,1871.21875
8300,321308.0,285357.4,35950.59375
3358,311027.0,361335.6,-50308.59375
7450,282275.0,305297.53,-23022.53125
1135,336088.0,316435.28,19652.71875
2401,410448.0,434869.44,-24421.4375
3067,244698.0,282911.62,-38213.625
1246,399983.0,379791.7,20191.3125
1638,311831.0,321252.44,-9421.4375
8470,696118.0,608389.6,87728.375
5626,245795.0,250855.88,-5060.875
8853,143322.0,151972.56,-8650.5625
8202,436826.0,417909.94,18916.0625
616,316942.0,253729.25,63212.75
6782,298701.0,271758.1,26942.90625
5838,122183.0,181538.1,-59355.09375
6325,232799.0,237845.95,-5046.953125
1226,361219.0,373302.56,-12083.5625
3177,250964.0,252930.22,-1966.21875
608,289904.0,307091.34,-17187.34375
3113,662647.0,546342.94,116304.0625
4043,100469.0,168323.16,-67854.15625
2262,434288.0,457444.84,-23156.84375
211,232539.0,238094.1,-5555.09375
6189,177273.0,201640.25,-24367.25
6919,247137.0,244267.75,2869.25
367,191062.0,228146.89,-37084.890625
7358,191129.0,278130.62,-87001.625
8185,529106.0,349847.2,179258.8125
1683,116752.0,139571.4,-22819.40625
1229,305570.0,314270.97,-8700.96875
7738,274921.0,282243.4,-7322.40625
6015,647853.0,535241.06,112611.9375
8885,203893.0,213279.25,-9386.25
804,355049.0,339435.25,15613.75
672,321941.0,304166.1,17774.90625
8172,324940.0,469433.22,-144493.21875
8989,348891.0,340769.72,8121.28125
1224,677039.0,613680.06,63358.9375
7766,259781.0,276772.78,-16991.78125
5274,391038.0,369160.16,21877.84375
5966,124634.0,99366.836,25267.1640625
5872,247960.0,212683.69,35276.3125
1023,782051.0,799948.6,-17897.625
6132,192175.0,245521.9,-53346.90625
3499,500047.0,522877.8,-22830.8125
3667,153951.0,166031.45,-12080.453125
5466,470796.0,429376.3,41419.6875
8191,462688.0,474523.28,-11835.28125
2229,297315.0,283990.16,13324.84375
4464,265005.0,301976.56,-36971.5625
5117,310561.0,312967.16,-2406.15625
5143,174852.0,223632.58,-48780.578125
9253,262631.0,349076.84,-86445.84375
3780,347760.0,260882.39,86877.609375
5679,284133.0,282378.16,1754.84375
6613,113970.0,273672.2,-159702.1875
6292,220703.0,240624.69,-19921.6875
7427,66340.0,77827.55,-11487.546875
9162,262564.0,353595.75,-91031.75
6023,582024.0,614886.94,-32862.9375
1645,688354.0,595915.25,92438.75
2100,305950.0,347755.72,-41805.71875
2902,509519.0,454622.1,54896.90625
8868,416210.0,439743.84,-23533.84375
5824,152814.0,202076.45,-49262.453125
4978,192031.0,206179.78,-14148.78125
8087,573049.0,531550.44,41498.5625
5902,349936.0,354406.9,-4470.90625
5950,545253.0,445275.8,99977.1875
8955,277408.0,265080.47,12327.53125
9080,167632.0,187056.52,-19424.515625
6004,122927.0,150443.11,-27516.109375
4217,356049.0,406526.2,-50477.1875
59,183715.0,190868.02,-7153.015625
5487,208678.0,250488.19,-41810.1875
9174,188131.0,157726.4,30404.59375
372,329606.0,307271.8,22334.1875
2062,479647.0,470726.4,8920.59375
7485,445911.0,362147.1,83763.90625
3178,248033.0,275729.5,-27696.5
1112,280221.0,266029.66,14191.34375
2768,174458.0,180213.27,-5755.265625
3986,132806.0,125820.15,6985.8515625
708,82524.0,93349.695,-10825.6953125
1601,294667.0,308244.28,-13577.28125
3631,283524.0,365365.9,-81841.90625
1989,389430.0,389474.2,-44.1875
2382,166359.0,134156.78,32202.21875
2815,240269.0,271257.9,-30988.90625
7577,306840.0,226975.3,79864.703125
263,420120.0,411974.1,8145.90625
3621,232667.0,250803.58,-18136.578125
6246,315749.0,317155.62,-1406.625
3743,528264.0,479383.7,48880.3125
1592,263057.0,252119.53,10937.46875
7990,507061.0,544864.56,-37803.5625
1432,231679.0,250213.72,-18534.71875
4255,181218.0,163145.84,18072.15625
4660,171018.0,194003.72,-22985.71875
3753,718360.0,593208.3,125151.6875
3001,387847.0,397548.84,-9701.84375
5007,125664.0,116968.07,8695.9296875
4653,166762.0,168804.44,-2042.4375
7792,345230.0,424713.16,-79483.15625
7609,290170.0,310286.7,-20116.6875
5359,393435.0,289642.53,103792.46875
8095,139599.0,140453.72,-854.71875
361,458958.0,494390.0,-35432.0
7936,326243.0,449308.3,-123065.3125
7639,437198.0,456879.16,-19681.15625
1220,582076.0,512165.3,69910.6875
3975,556772.0,506885.5,49886.5
4434,272797.0,316552.75,-43755.75
8321,329509.0,339723.56,-10214.5625
5544,339039.0,341412.97,-2373.96875
1702,305279.0,221505.53,83773.46875
2700,266448.0,304672.28,-38224.28125
4269,245295.0,271724.1,-26429.09375
3120,625064.0,630549.2,-5485.1875
5407,433145.0,474128.12,-40983.125
5611,318645.0,310480.9,8164.09375
2572,590915.0,490042.47,100872.53125
4972,477204.0,373453.88,103750.125
6637,486853.0,567693.6,-80840.625
5368,352540.0,385218.94,-32678.9375
6975,601907.0,598833.25,3073.75
7402,179094.0,151504.2,27589.796875
6736,338260.0,341529.38,-3269.375
1509,298918.0,237848.8,61069.203125
400,245529.0,211956.75,33572.25
6510,180236.0,142552.77,37683.234375
3098,219488.0,244133.88,-24645.875
4834,382578.0,349114.0,33464.0
7065,335965.0,277617.0,58348.0
5566,212714.0,246217.02,-33503.015625
7396,464305.0,521007.72,-56702.71875
3890,82568.0,101194.72,-18626.71875
6355,205626.0,255971.3,-50345.296875
627,484202.0,521326.4,-37124.40625
5416,189843.0,213320.25,-23477.25
8365,138433.0,166838.56,-28405.5625
7392,449146.0,472189.2,-23043.1875
1885,157329.0,118093.01,39235.9921875
435,234950.0,324501.1,-89551.09375
3452,467844.0,478026.47,-10182.46875
2127,502553.0,389044.75,113508.25
7510,766626.0,702322.5,64303.5
641,437310.0,375633.78,61676.21875
